EXCH_ID,SEGMENT,SECURITY_ID,ISIN,INSTRUMENT,UNDERLYING_SECURITY_ID,UNDERLYING_SYMBOL,DISPLAY_NAME,INSTRUMENT_TYPE,SERIES,LOT_SIZE,SM_EXPIRY_DATE,STRIKE_PRICE,OPTION_TYPE,TICK_SIZE,EXPIRY_FLAG,BRACKET_FLAG,COVER_FLAG,ASM_GSM_FLAG,ASM_GSM_CATEGORY
NSE,D,35000,NA,OPTIDX,26009,BANKNIFTY,BANKNIFTY 30 DEC 69700 CALL,OP,NA,35,12/30/2025,69700,CE,5,M,N,N,N,NA
NSE,D,35001,NA,OPTIDX,26009,BANKNIFTY,BANKNIFTY 30 DEC 69700 PUT,OP,NA,35,12/30/2025,69700,PE,5,M,N,N,N,NA
NSE,D,35002,NA,OPTIDX,26009,BANKNIFTY,BANKNIFTY 30 DEC 69800 CALL,OP,NA,35,12/30/2025,69800,CE,5,M,N,N,N,NA
NSE,D,35003,NA,OPTIDX,26009,BANKNIFTY,BANKNIFTY 30 DEC 69800 PUT,OP,NA,35,12/30/2025,69800,PE,5,M,N,N,N,NA
NSE,D,35004,NA,OPTIDX,26009,BANKNIFTY,BANKNIFTY 30 DEC 69900 CALL,OP,NA,35,12/30/2025,69900,CE,5,M,N,N,N,NA
NSE,D,35005,NA,OPTIDX,26009,BANKNIFTY,BANKNIFTY 30 DEC 69900 PUT,OP,NA,35,12/30/2025,69900,PE,5,M,N,N,N,NA
NSE,D,35006,NA,OPTIDX,26009,BANKNIFTY,BANKNIFTY 30 DEC 70100 CALL,OP,NA,35,12/30/2025,70100,CE,5,M,N,N,N,NA
NSE,D,35007,NA,OPTIDX,26009,BANKNIFTY,BANKNIFTY 30 DEC 70100 PUT,OP,NA,35,12/30/2025,70100,PE,5,M,N,N,N,NA
NSE,D,35010,NA,OPTIDX,26009,BANKNIFTY,BANKNIFTY 30 DEC 70200 CALL,OP,NA,35,12/30/2025,70200,CE,5,M,N,N,N,NA
NSE,D,35015,NA,OPTIDX,26009,BANKNIFTY,BANKNIFTY 30 DEC 70200 PUT,OP,NA,35,12/30/2025,70200,PE,5,M,N,N,N,NA
NSE,D,35016,NA,OPTIDX,26009,BANKNIFTY,BANKNIFTY 30 DEC 70300 CALL,OP,NA,35,12/30/2025,70300,CE,5,M,N,N,N,NA
NSE,D,35017,NA,OPTIDX,26009,BANKNIFTY,BANKNIFTY 30 DEC 73300 CALL,OP,NA,35,12/30/2025,73300,CE,5,M,N,N,N,NA
NSE,D,35018,NA,OPTIDX,26009,BANKNIFTY,BANKNIFTY 30 DEC 73300 PUT,OP,NA,35,12/30/2025,73300,PE,5,M,N,N,N,NA
NSE,D,35019,NA,OPTIDX,26009,BANKNIFTY,BANKNIFTY 30 DEC 70300 PUT,OP,NA,35,12/30/2025,70300,PE,5,M,N,N,N,NA
NSE,D,35020,NA,OPTIDX,26009,BANKNIFTY,BANKNIFTY 30 DEC 73400 CALL,OP,NA,35,12/30/2025,73400,CE,5,M,N,N,N,NA
NSE,D,35021,NA,OPTIDX,26009,BANKNIFTY,BANKNIFTY 30 DEC 73400 PUT,OP,NA,35,12/30/2025,73400,PE,5,M,N,N,N,NA
NSE,D,35022,NA,OPTIDX,26009,BANKNIFTY,BANKNIFTY 30 DEC 81000 CALL,OP,NA,35,12/30/2025,81000,CE,5,M,N,N,N,NA
NSE,D,35023,NA,OPTIDX,26009,BANKNIFTY,BANKNIFTY 30 DEC 81000 PUT,OP,NA,35,12/30/2025,81000,PE,5,M,N,N,N,NA
NSE,D,35026,NA,OPTIDX,26009,BANKNIFTY,BANKNIFTY 30 DEC 77500 CALL,OP,NA,35,12/30/2025,77500,CE,5,M,N,N,N,NA
NSE,D,35027,NA,OPTIDX,26009,BANKNIFTY,BANKNIFTY 30 DEC 77500 PUT,OP,NA,35,12/30/2025,77500,PE,5,M,N,N,N,NA
NSE,D,35094,NA,OPTIDX,26009,BANKNIFTY,BANKNIFTY 30 DEC 70400 CALL,OP,NA,35,12/30/2025,70400,CE,5,M,N,N,N,NA
NSE,D,35095,NA,OPTIDX,26009,BANKNIFTY,BANKNIFTY 30 DEC 70400 PUT,OP,NA,35,12/30/2025,70400,PE,5,M,N,N,N,NA
NSE,D,35102,NA,OPTIDX,26009,BANKNIFTY,BANKNIFTY 30 DEC 70600 CALL,OP,NA,35,12/30/2025,70600,CE,5,M,N,N,N,NA
NSE,D,35103,NA,OPTIDX,26009,BANKNIFTY,BANKNIFTY 30 DEC 70600 PUT,OP,NA,35,12/30/2025,70600,PE,5,M,N,N,N,NA
NSE,D,36617,NA,OPTIDX,26009,BANKNIFTY,BANKNIFTY 30 DEC 73600 CALL,OP,NA,35,12/30/2025,73600,CE,5,M,N,N,N,NA
NSE,D,36619,NA,OPTIDX,26009,BANKNIFTY,BANKNIFTY 30 DEC 73600 PUT,OP,NA,35,12/30/2025,73600,PE,5,M,N,N,N,NA
NSE,D,36622,NA,OPTIDX,26009,BANKNIFTY,BANKNIFTY 30 DEC 73700 CALL,OP,NA,35,12/30/2025,73700,CE,5,M,N,N,N,NA
NSE,D,36623,NA,OPTIDX,26009,BANKNIFTY,BANKNIFTY 30 DEC 73700 PUT,OP,NA,35,12/30/2025,73700,PE,5,M,N,N,N,NA
NSE,D,36624,NA,OPTIDX,26009,BANKNIFTY,BANKNIFTY 30 DEC 73800 CALL,OP,NA,35,12/30/2025,73800,CE,5,M,N,N,N,NA
NSE,D,36625,NA,OPTIDX,26009,BANKNIFTY,BANKNIFTY 30 DEC 73800 PUT,OP,NA,35,12/30/2025,73800,PE,5,M,N,N,N,NA
NSE,D,36626,NA,OPTIDX,26009,BANKNIFTY,BANKNIFTY 30 DEC 73900 CALL,OP,NA,35,12/30/2025,73900,CE,5,M,N,N,N,NA
NSE,D,36627,NA,OPTIDX,26009,BANKNIFTY,BANKNIFTY 30 DEC 73900 PUT,OP,NA,35,12/30/2025,73900,PE,5,M,N,N,N,NA
NSE,D,37421,NA,OPTIDX,26009,BANKNIFTY,BANKNIFTY 30 DEC 81500 CALL,OP,NA,35,12/30/2025,81500,CE,5,M,N,N,N,NA
NSE,D,37422,NA,OPTIDX,26009,BANKNIFTY,BANKNIFTY 30 DEC 81500 PUT,OP,NA,35,12/30/2025,81500,PE,5,M,N,N,N,NA
NSE,D,37450,NA,OPTIDX,26009,BANKNIFTY,BANKNIFTY 30 DEC 33000 CALL,OP,NA,35,12/30/2025,33000,CE,5,M,N,N,N,NA
NSE,D,37451,NA,OPTIDX,26009,BANKNIFTY,BANKNIFTY 30 DEC 33000 PUT,OP,NA,35,12/30/2025,33000,PE,5,M,N,N,N,NA
NSE,D,37725,NA,OPTIDX,26009,BANKNIFTY,BANKNIFTY 30 DEC 71700 CALL,OP,NA,35,12/30/2025,71700,CE,5,M,N,N,N,NA
NSE,D,37726,NA,OPTIDX,26009,BANKNIFTY,BANKNIFTY 30 DEC 71700 PUT,OP,NA,35,12/30/2025,71700,PE,5,M,N,N,N,NA
NSE,D,37727,NA,OPTIDX,26009,BANKNIFTY,BANKNIFTY 30 DEC 71800 CALL,OP,NA,35,12/30/2025,71800,CE,5,M,N,N,N,NA
NSE,D,37728,NA,OPTIDX,26009,BANKNIFTY,BANKNIFTY 30 DEC 71800 PUT,OP,NA,35,12/30/2025,71800,PE,5,M,N,N,N,NA
NSE,D,37831,NA,OPTIDX,26009,BANKNIFTY,BANKNIFTY 30 DEC 70700 CALL,OP,NA,35,12/30/2025,70700,CE,5,M,N,N,N,NA
NSE,D,37832,NA,OPTIDX,26009,BANKNIFTY,BANKNIFTY 30 DEC 70700 PUT,OP,NA,35,12/30/2025,70700,PE,5,M,N,N,N,NA
NSE,D,37833,NA,OPTIDX,26009,BANKNIFTY,BANKNIFTY 30 DEC 70800 CALL,OP,NA,35,12/30/2025,70800,CE,5,M,N,N,N,NA
NSE,D,37834,NA,OPTIDX,26009,BANKNIFTY,BANKNIFTY 30 DEC 70800 PUT,OP,NA,35,12/30/2025,70800,PE,5,M,N,N,N,NA
NSE,D,37835,NA,OPTIDX,26009,BANKNIFTY,BANKNIFTY 30 DEC 70900 CALL,OP,NA,35,12/30/2025,70900,CE,5,M,N,N,N,NA
NSE,D,37836,NA,OPTIDX,26009,BANKNIFTY,BANKNIFTY 30 DEC 70900 PUT,OP,NA,35,12/30/2025,70900,PE,5,M,N,N,N,NA
NSE,D,37837,NA,OPTIDX,26009,BANKNIFTY,BANKNIFTY 30 DEC 71100 CALL,OP,NA,35,12/30/2025,71100,CE,5,M,N,N,N,NA
NSE,D,37838,NA,OPTIDX,26009,BANKNIFTY,BANKNIFTY 30 DEC 71100 PUT,OP,NA,35,12/30/2025,71100,PE,5,M,N,N,N,NA
NSE,D,37839,NA,OPTIDX,26009,BANKNIFTY,BANKNIFTY 30 DEC 78500 CALL,OP,NA,35,12/30/2025,78500,CE,5,M,N,N,N,NA
NSE,D,37840,NA,OPTIDX,26009,BANKNIFTY,BANKNIFTY 30 DEC 78500 PUT,OP,NA,35,12/30/2025,78500,PE,5,M,N,N,N,NA
NSE,D,39658,NA,OPTIDX,26009,BANKNIFTY,BANKNIFTY 30 DEC 71200 CALL,OP,NA,35,12/30/2025,71200,CE,5,M,N,N,N,NA
NSE,D,39659,NA,OPTIDX,26009,BANKNIFTY,BANKNIFTY 30 DEC 71200 PUT,OP,NA,35,12/30/2025,71200,PE,5,M,N,N,N,NA
NSE,D,40209,NA,OPTIDX,26009,BANKNIFTY,BANKNIFTY 30 DEC 79500 CALL,OP,NA,35,12/30/2025,79500,CE,5,M,N,N,N,NA
NSE,D,40210,NA,OPTIDX,26009,BANKNIFTY,BANKNIFTY 30 DEC 79500 PUT,OP,NA,35,12/30/2025,79500,PE,5,M,N,N,N,NA
NSE,D,40847,NA,OPTIDX,26009,BANKNIFTY,BANKNIFTY 30 DEC 74100 CALL,OP,NA,35,12/30/2025,74100,CE,5,M,N,N,N,NA
NSE,D,40848,NA,OPTIDX,26009,BANKNIFTY,BANKNIFTY 30 DEC 74100 PUT,OP,NA,35,12/30/2025,74100,PE,5,M,N,N,N,NA
NSE,D,41851,NA,OPTIDX,26009,BANKNIFTY,BANKNIFTY 30 DEC 71300 CALL,OP,NA,35,12/30/2025,71300,CE,5,M,N,N,N,NA
NSE,D,41852,NA,OPTIDX,26009,BANKNIFTY,BANKNIFTY 30 DEC 71300 PUT,OP,NA,35,12/30/2025,71300,PE,5,M,N,N,N,NA
NSE,D,41855,NA,OPTIDX,26009,BANKNIFTY,BANKNIFTY 30 DEC 71400 CALL,OP,NA,35,12/30/2025,71400,CE,5,M,N,N,N,NA
NSE,D,41856,NA,OPTIDX,26009,BANKNIFTY,BANKNIFTY 30 DEC 71400 PUT,OP,NA,35,12/30/2025,71400,PE,5,M,N,N,N,NA
NSE,D,41859,NA,OPTIDX,26009,BANKNIFTY,BANKNIFTY 30 DEC 71600 CALL,OP,NA,35,12/30/2025,71600,CE,5,M,N,N,N,NA
NSE,D,41860,NA,OPTIDX,26009,BANKNIFTY,BANKNIFTY 30 DEC 71600 PUT,OP,NA,35,12/30/2025,71600,PE,5,M,N,N,N,NA
NSE,D,41865,NA,OPTIDX,26009,BANKNIFTY,BANKNIFTY 30 DEC 79000 CALL,OP,NA,35,12/30/2025,79000,CE,5,M,N,N,N,NA
NSE,D,41866,NA,OPTIDX,26009,BANKNIFTY,BANKNIFTY 30 DEC 79000 PUT,OP,NA,35,12/30/2025,79000,PE,5,M,N,N,N,NA
NSE,D,42296,NA,OPTIDX,26009,BANKNIFTY,BANKNIFTY 30 DEC 74200 CALL,OP,NA,35,12/30/2025,74200,CE,5,M,N,N,N,NA
NSE,D,42297,NA,OPTIDX,26009,BANKNIFTY,BANKNIFTY 30 DEC 74200 PUT,OP,NA,35,12/30/2025,74200,PE,5,M,N,N,N,NA
NSE,D,42957,NA,OPTIDX,26009,BANKNIFTY,BANKNIFTY 30 DEC 71900 CALL,OP,NA,35,12/30/2025,71900,CE,5,M,N,N,N,NA
NSE,D,42958,NA,OPTIDX,26009,BANKNIFTY,BANKNIFTY 30 DEC 71900 PUT,OP,NA,35,12/30/2025,71900,PE,5,M,N,N,N,NA
NSE,D,42959,NA,OPTIDX,26009,BANKNIFTY,BANKNIFTY 30 DEC 72100 CALL,OP,NA,35,12/30/2025,72100,CE,5,M,N,N,N,NA
NSE,D,42960,NA,OPTIDX,26009,BANKNIFTY,BANKNIFTY 30 DEC 72100 PUT,OP,NA,35,12/30/2025,72100,PE,5,M,N,N,N,NA
NSE,D,42961,NA,OPTIDX,26009,BANKNIFTY,BANKNIFTY 30 DEC 72200 CALL,OP,NA,35,12/30/2025,72200,CE,5,M,N,N,N,NA
NSE,D,42962,NA,OPTIDX,26009,BANKNIFTY,BANKNIFTY 30 DEC 72200 PUT,OP,NA,35,12/30/2025,72200,PE,5,M,N,N,N,NA
NSE,D,42963,NA,OPTIDX,26009,BANKNIFTY,BANKNIFTY 30 DEC 72300 CALL,OP,NA,35,12/30/2025,72300,CE,5,M,N,N,N,NA
NSE,D,42964,NA,OPTIDX,26009,BANKNIFTY,BANKNIFTY 30 DEC 72300 PUT,OP,NA,35,12/30/2025,72300,PE,5,M,N,N,N,NA
NSE,D,42965,NA,OPTIDX,26009,BANKNIFTY,BANKNIFTY 30 DEC 72400 CALL,OP,NA,35,12/30/2025,72400,CE,5,M,N,N,N,NA
NSE,D,42966,NA,OPTIDX,26009,BANKNIFTY,BANKNIFTY 30 DEC 72400 PUT,OP,NA,35,12/30/2025,72400,PE,5,M,N,N,N,NA
NSE,D,42967,NA,OPTIDX,26009,BANKNIFTY,BANKNIFTY 30 DEC 80000 CALL,OP,NA,35,12/30/2025,80000,CE,5,M,N,N,N,NA
NSE,D,42968,NA,OPTIDX,26009,BANKNIFTY,BANKNIFTY 30 DEC 80000 PUT,OP,NA,35,12/30/2025,80000,PE,5,M,N,N,N,NA
NSE,D,43934,NA,OPTIDX,26009,BANKNIFTY,BANKNIFTY 30 DEC 75000 CALL,OP,NA,35,12/30/2025,75000,CE,5,M,N,N,N,NA
NSE,D,43935,NA,OPTIDX,26009,BANKNIFTY,BANKNIFTY 30 DEC 75000 PUT,OP,NA,35,12/30/2025,75000,PE,5,M,N,N,N,NA
NSE,D,44337,NA,OPTIDX,26009,BANKNIFTY,BANKNIFTY 30 DEC 74300 CALL,OP,NA,35,12/30/2025,74300,CE,5,M,N,N,N,NA
NSE,D,44338,NA,OPTIDX,26009,BANKNIFTY,BANKNIFTY 30 DEC 74300 PUT,OP,NA,35,12/30/2025,74300,PE,5,M,N,N,N,NA
NSE,D,44339,NA,OPTIDX,26009,BANKNIFTY,BANKNIFTY 30 DEC 82000 CALL,OP,NA,35,12/30/2025,82000,CE,5,M,N,N,N,NA
NSE,D,44340,NA,OPTIDX,26009,BANKNIFTY,BANKNIFTY 30 DEC 82000 PUT,OP,NA,35,12/30/2025,82000,PE,5,M,N,N,N,NA
NSE,D,44997,NA,OPTIDX,26009,BANKNIFTY,BANKNIFTY 30 DEC 73100 CALL,OP,NA,35,12/30/2025,73100,CE,5,M,N,N,N,NA
NSE,D,44998,NA,OPTIDX,26009,BANKNIFTY,BANKNIFTY 30 DEC 73100 PUT,OP,NA,35,12/30/2025,73100,PE,5,M,N,N,N,NA
NSE,D,45773,NA,OPTIDX,26009,BANKNIFTY,BANKNIFTY 30 DEC 72600 CALL,OP,NA,35,12/30/2025,72600,CE,5,M,N,N,N,NA
NSE,D,45776,NA,OPTIDX,26009,BANKNIFTY,BANKNIFTY 30 DEC 72600 PUT,OP,NA,35,12/30/2025,72600,PE,5,M,N,N,N,NA
NSE,D,45777,NA,OPTIDX,26009,BANKNIFTY,BANKNIFTY 30 DEC 72700 CALL,OP,NA,35,12/30/2025,72700,CE,5,M,N,N,N,NA
NSE,D,45782,NA,OPTIDX,26009,BANKNIFTY,BANKNIFTY 30 DEC 72700 PUT,OP,NA,35,12/30/2025,72700,PE,5,M,N,N,N,NA
NSE,D,46371,NA,OPTIDX,26009,BANKNIFTY,BANKNIFTY 30 DEC 72800 CALL,OP,NA,35,12/30/2025,72800,CE,5,M,N,N,N,NA
NSE,D,46372,NA,OPTIDX,26009,BANKNIFTY,BANKNIFTY 30 DEC 72800 PUT,OP,NA,35,12/30/2025,72800,PE,5,M,N,N,N,NA
NSE,D,46373,NA,OPTIDX,26009,BANKNIFTY,BANKNIFTY 30 DEC 72900 CALL,OP,NA,35,12/30/2025,72900,CE,5,M,N,N,N,NA
NSE,D,46374,NA,OPTIDX,26009,BANKNIFTY,BANKNIFTY 30 DEC 72900 PUT,OP,NA,35,12/30/2025,72900,PE,5,M,N,N,N,NA
NSE,D,46375,NA,OPTIDX,26009,BANKNIFTY,BANKNIFTY 30 DEC 80500 CALL,OP,NA,35,12/30/2025,80500,CE,5,M,N,N,N,NA
NSE,D,46376,NA,OPTIDX,26009,BANKNIFTY,BANKNIFTY 30 DEC 80500 PUT,OP,NA,35,12/30/2025,80500,PE,5,M,N,N,N,NA
NSE,D,47326,NA,OPTIDX,26009,BANKNIFTY,BANKNIFTY 30 DEC 31500 CALL,OP,NA,35,12/30/2025,31500,CE,5,M,N,N,N,NA
NSE,D,47327,NA,OPTIDX,26009,BANKNIFTY,BANKNIFTY 30 DEC 31500 PUT,OP,NA,35,12/30/2025,31500,PE,5,M,N,N,N,NA
NSE,D,47808,NA,OPTIDX,26009,BANKNIFTY,BANKNIFTY 30 DEC 78000 CALL,OP,NA,35,12/30/2025,78000,CE,5,M,N,N,N,NA
NSE,D,47809,NA,OPTIDX,26009,BANKNIFTY,BANKNIFTY 30 DEC 78000 PUT,OP,NA,35,12/30/2025,78000,PE,5,M,N,N,N,NA
NSE,D,48781,NA,OPTIDX,26009,BANKNIFTY,BANKNIFTY 30 DEC 76500 CALL,OP,NA,35,12/30/2025,76500,CE,5,M,N,N,N,NA
NSE,D,48784,NA,OPTIDX,26009,BANKNIFTY,BANKNIFTY 30 DEC 76500 PUT,OP,NA,35,12/30/2025,76500,PE,5,M,N,N,N,NA
NSE,D,50183,NA,OPTIDX,26009,BANKNIFTY,BANKNIFTY 30 DEC 32000 CALL,OP,NA,35,12/30/2025,32000,CE,5,M,N,N,N,NA
NSE,D,50185,NA,OPTIDX,26009,BANKNIFTY,BANKNIFTY 30 DEC 32000 PUT,OP,NA,35,12/30/2025,32000,PE,5,M,N,N,N,NA
NSE,D,50190,NA,OPTIDX,26009,BANKNIFTY,BANKNIFTY 30 DEC 32500 CALL,OP,NA,35,12/30/2025,32500,CE,5,M,N,N,N,NA
NSE,D,50191,NA,OPTIDX,26009,BANKNIFTY,BANKNIFTY 30 DEC 32500 PUT,OP,NA,35,12/30/2025,32500,PE,5,M,N,N,N,NA
NSE,D,50196,NA,OPTIDX,26009,BANKNIFTY,BANKNIFTY 30 DEC 33500 CALL,OP,NA,35,12/30/2025,33500,CE,5,M,N,N,N,NA
NSE,D,50197,NA,OPTIDX,26009,BANKNIFTY,BANKNIFTY 30 DEC 33500 PUT,OP,NA,35,12/30/2025,33500,PE,5,M,N,N,N,NA
NSE,D,50200,NA,OPTIDX,26009,BANKNIFTY,BANKNIFTY 30 DEC 34000 CALL,OP,NA,35,12/30/2025,34000,CE,5,M,N,N,N,NA
NSE,D,50201,NA,OPTIDX,26009,BANKNIFTY,BANKNIFTY 30 DEC 34000 PUT,OP,NA,35,12/30/2025,34000,PE,5,M,N,N,N,NA
NSE,D,50212,NA,OPTIDX,26009,BANKNIFTY,BANKNIFTY 30 DEC 35000 CALL,OP,NA,35,12/30/2025,35000,CE,5,M,N,N,N,NA
NSE,D,50213,NA,OPTIDX,26009,BANKNIFTY,BANKNIFTY 30 DEC 35000 PUT,OP,NA,35,12/30/2025,35000,PE,5,M,N,N,N,NA
NSE,D,50222,NA,OPTIDX,26009,BANKNIFTY,BANKNIFTY 30 DEC 35500 CALL,OP,NA,35,12/30/2025,35500,CE,5,M,N,N,N,NA
NSE,D,50223,NA,OPTIDX,26009,BANKNIFTY,BANKNIFTY 30 DEC 35500 PUT,OP,NA,35,12/30/2025,35500,PE,5,M,N,N,N,NA
NSE,D,50224,NA,OPTIDX,26009,BANKNIFTY,BANKNIFTY 30 DEC 36500 CALL,OP,NA,35,12/30/2025,36500,CE,5,M,N,N,N,NA
NSE,D,50225,NA,OPTIDX,26009,BANKNIFTY,BANKNIFTY 30 DEC 36500 PUT,OP,NA,35,12/30/2025,36500,PE,5,M,N,N,N,NA
NSE,D,50226,NA,OPTIDX,26009,BANKNIFTY,BANKNIFTY 30 DEC 37000 CALL,OP,NA,35,12/30/2025,37000,CE,5,M,N,N,N,NA
NSE,D,50227,NA,OPTIDX,26009,BANKNIFTY,BANKNIFTY 30 DEC 37000 PUT,OP,NA,35,12/30/2025,37000,PE,5,M,N,N,N,NA
NSE,D,50234,NA,OPTIDX,26009,BANKNIFTY,BANKNIFTY 30 DEC 38000 CALL,OP,NA,35,12/30/2025,38000,CE,5,M,N,N,N,NA
NSE,D,50235,NA,OPTIDX,26009,BANKNIFTY,BANKNIFTY 30 DEC 38000 PUT,OP,NA,35,12/30/2025,38000,PE,5,M,N,N,N,NA
NSE,D,50242,NA,OPTIDX,26009,BANKNIFTY,BANKNIFTY 30 DEC 38500 CALL,OP,NA,35,12/30/2025,38500,CE,5,M,N,N,N,NA
NSE,D,50243,NA,OPTIDX,26009,BANKNIFTY,BANKNIFTY 30 DEC 38500 PUT,OP,NA,35,12/30/2025,38500,PE,5,M,N,N,N,NA
NSE,D,50244,NA,OPTIDX,26009,BANKNIFTY,BANKNIFTY 30 DEC 39500 CALL,OP,NA,35,12/30/2025,39500,CE,5,M,N,N,N,NA
NSE,D,50245,NA,OPTIDX,26009,BANKNIFTY,BANKNIFTY 30 DEC 39500 PUT,OP,NA,35,12/30/2025,39500,PE,5,M,N,N,N,NA
NSE,D,50248,NA,OPTIDX,26009,BANKNIFTY,BANKNIFTY 30 DEC 39600 CALL,OP,NA,35,12/30/2025,39600,CE,5,M,N,N,N,NA
NSE,D,50249,NA,OPTIDX,26009,BANKNIFTY,BANKNIFTY 30 DEC 39600 PUT,OP,NA,35,12/30/2025,39600,PE,5,M,N,N,N,NA
NSE,D,50250,NA,OPTIDX,26009,BANKNIFTY,BANKNIFTY 30 DEC 39700 CALL,OP,NA,35,12/30/2025,39700,CE,5,M,N,N,N,NA
NSE,D,50251,NA,OPTIDX,26009,BANKNIFTY,BANKNIFTY 30 DEC 39700 PUT,OP,NA,35,12/30/2025,39700,PE,5,M,N,N,N,NA
NSE,D,50252,NA,OPTIDX,26009,BANKNIFTY,BANKNIFTY 30 DEC 39800 CALL,OP,NA,35,12/30/2025,39800,CE,5,M,N,N,N,NA
NSE,D,50254,NA,OPTIDX,26009,BANKNIFTY,BANKNIFTY 30 DEC 39800 PUT,OP,NA,35,12/30/2025,39800,PE,5,M,N,N,N,NA
NSE,D,50257,NA,OPTIDX,26009,BANKNIFTY,BANKNIFTY 30 DEC 39900 CALL,OP,NA,35,12/30/2025,39900,CE,5,M,N,N,N,NA
NSE,D,50258,NA,OPTIDX,26009,BANKNIFTY,BANKNIFTY 30 DEC 39900 PUT,OP,NA,35,12/30/2025,39900,PE,5,M,N,N,N,NA
NSE,D,50264,NA,OPTIDX,26009,BANKNIFTY,BANKNIFTY 30 DEC 40000 CALL,OP,NA,35,12/30/2025,40000,CE,5,M,N,N,N,NA
NSE,D,50265,NA,OPTIDX,26009,BANKNIFTY,BANKNIFTY 30 DEC 40000 PUT,OP,NA,35,12/30/2025,40000,PE,5,M,N,N,N,NA
NSE,D,50270,NA,OPTIDX,26009,BANKNIFTY,BANKNIFTY 30 DEC 40100 CALL,OP,NA,35,12/30/2025,40100,CE,5,M,N,N,N,NA
NSE,D,50272,NA,OPTIDX,26009,BANKNIFTY,BANKNIFTY 30 DEC 40100 PUT,OP,NA,35,12/30/2025,40100,PE,5,M,N,N,N,NA
NSE,D,50273,NA,OPTIDX,26009,BANKNIFTY,BANKNIFTY 30 DEC 40200 CALL,OP,NA,35,12/30/2025,40200,CE,5,M,N,N,N,NA
NSE,D,50274,NA,OPTIDX,26009,BANKNIFTY,BANKNIFTY 30 DEC 40200 PUT,OP,NA,35,12/30/2025,40200,PE,5,M,N,N,N,NA
NSE,D,50279,NA,OPTIDX,26009,BANKNIFTY,BANKNIFTY 30 DEC 40300 CALL,OP,NA,35,12/30/2025,40300,CE,5,M,N,N,N,NA
NSE,D,50280,NA,OPTIDX,26009,BANKNIFTY,BANKNIFTY 30 DEC 40300 PUT,OP,NA,35,12/30/2025,40300,PE,5,M,N,N,N,NA
NSE,D,50285,NA,OPTIDX,26009,BANKNIFTY,BANKNIFTY 30 DEC 40400 CALL,OP,NA,35,12/30/2025,40400,CE,5,M,N,N,N,NA
NSE,D,50286,NA,OPTIDX,26009,BANKNIFTY,BANKNIFTY 30 DEC 40400 PUT,OP,NA,35,12/30/2025,40400,PE,5,M,N,N,N,NA
NSE,D,50290,NA,OPTIDX,26009,BANKNIFTY,BANKNIFTY 30 DEC 40600 CALL,OP,NA,35,12/30/2025,40600,CE,5,M,N,N,N,NA
NSE,D,50291,NA,OPTIDX,26009,BANKNIFTY,BANKNIFTY 30 DEC 40600 PUT,OP,NA,35,12/30/2025,40600,PE,5,M,N,N,N,NA
NSE,D,50292,NA,OPTIDX,26009,BANKNIFTY,BANKNIFTY 30 DEC 40700 CALL,OP,NA,35,12/30/2025,40700,CE,5,M,N,N,N,NA
NSE,D,50297,NA,OPTIDX,26009,BANKNIFTY,BANKNIFTY 30 DEC 40700 PUT,OP,NA,35,12/30/2025,40700,PE,5,M,N,N,N,NA
NSE,D,50298,NA,OPTIDX,26009,BANKNIFTY,BANKNIFTY 30 DEC 40800 CALL,OP,NA,35,12/30/2025,40800,CE,5,M,N,N,N,NA
NSE,D,50305,NA,OPTIDX,26009,BANKNIFTY,BANKNIFTY 30 DEC 40800 PUT,OP,NA,35,12/30/2025,40800,PE,5,M,N,N,N,NA
NSE,D,50306,NA,OPTIDX,26009,BANKNIFTY,BANKNIFTY 30 DEC 40900 CALL,OP,NA,35,12/30/2025,40900,CE,5,M,N,N,N,NA
NSE,D,50307,NA,OPTIDX,26009,BANKNIFTY,BANKNIFTY 30 DEC 40900 PUT,OP,NA,35,12/30/2025,40900,PE,5,M,N,N,N,NA
NSE,D,50308,NA,OPTIDX,26009,BANKNIFTY,BANKNIFTY 30 DEC 41000 CALL,OP,NA,35,12/30/2025,41000,CE,5,M,N,N,N,NA
NSE,D,50309,NA,OPTIDX,26009,BANKNIFTY,BANKNIFTY 30 DEC 41000 PUT,OP,NA,35,12/30/2025,41000,PE,5,M,N,N,N,NA
NSE,D,50310,NA,OPTIDX,26009,BANKNIFTY,BANKNIFTY 30 DEC 41100 CALL,OP,NA,35,12/30/2025,41100,CE,5,M,N,N,N,NA
NSE,D,50316,NA,OPTIDX,26009,BANKNIFTY,BANKNIFTY 30 DEC 41100 PUT,OP,NA,35,12/30/2025,41100,PE,5,M,N,N,N,NA
NSE,D,50338,NA,OPTIDX,26009,BANKNIFTY,BANKNIFTY 30 DEC 41200 CALL,OP,NA,35,12/30/2025,41200,CE,5,M,N,N,N,NA
NSE,D,50339,NA,OPTIDX,26009,BANKNIFTY,BANKNIFTY 30 DEC 41200 PUT,OP,NA,35,12/30/2025,41200,PE,5,M,N,N,N,NA
NSE,D,50344,NA,OPTIDX,26009,BANKNIFTY,BANKNIFTY 30 DEC 41300 CALL,OP,NA,35,12/30/2025,41300,CE,5,M,N,N,N,NA
NSE,D,50345,NA,OPTIDX,26009,BANKNIFTY,BANKNIFTY 30 DEC 41300 PUT,OP,NA,35,12/30/2025,41300,PE,5,M,N,N,N,NA
NSE,D,50350,NA,OPTIDX,26009,BANKNIFTY,BANKNIFTY 30 DEC 41400 CALL,OP,NA,35,12/30/2025,41400,CE,5,M,N,N,N,NA
NSE,D,50351,NA,OPTIDX,26009,BANKNIFTY,BANKNIFTY 30 DEC 41400 PUT,OP,NA,35,12/30/2025,41400,PE,5,M,N,N,N,NA
NSE,D,50352,NA,OPTIDX,26009,BANKNIFTY,BANKNIFTY 30 DEC 41500 CALL,OP,NA,35,12/30/2025,41500,CE,5,M,N,N,N,NA
NSE,D,50354,NA,OPTIDX,26009,BANKNIFTY,BANKNIFTY 30 DEC 41500 PUT,OP,NA,35,12/30/2025,41500,PE,5,M,N,N,N,NA
NSE,D,50360,NA,OPTIDX,26009,BANKNIFTY,BANKNIFTY 30 DEC 41600 CALL,OP,NA,35,12/30/2025,41600,CE,5,M,N,N,N,NA
NSE,D,50361,NA,OPTIDX,26009,BANKNIFTY,BANKNIFTY 30 DEC 41600 PUT,OP,NA,35,12/30/2025,41600,PE,5,M,N,N,N,NA
NSE,D,50362,NA,OPTIDX,26009,BANKNIFTY,BANKNIFTY 30 DEC 41700 CALL,OP,NA,35,12/30/2025,41700,CE,5,M,N,N,N,NA
NSE,D,50363,NA,OPTIDX,26009,BANKNIFTY,BANKNIFTY 30 DEC 41700 PUT,OP,NA,35,12/30/2025,41700,PE,5,M,N,N,N,NA
NSE,D,50372,NA,OPTIDX,26009,BANKNIFTY,BANKNIFTY 30 DEC 41800 CALL,OP,NA,35,12/30/2025,41800,CE,5,M,N,N,N,NA
NSE,D,50373,NA,OPTIDX,26009,BANKNIFTY,BANKNIFTY 30 DEC 41800 PUT,OP,NA,35,12/30/2025,41800,PE,5,M,N,N,N,NA
NSE,D,50374,NA,OPTIDX,26009,BANKNIFTY,BANKNIFTY 30 DEC 41900 CALL,OP,NA,35,12/30/2025,41900,CE,5,M,N,N,N,NA
NSE,D,50375,NA,OPTIDX,26009,BANKNIFTY,BANKNIFTY 30 DEC 41900 PUT,OP,NA,35,12/30/2025,41900,PE,5,M,N,N,N,NA
NSE,D,50378,NA,OPTIDX,26009,BANKNIFTY,BANKNIFTY 30 DEC 42100 CALL,OP,NA,35,12/30/2025,42100,CE,5,M,N,N,N,NA
NSE,D,50379,NA,OPTIDX,26009,BANKNIFTY,BANKNIFTY 30 DEC 42100 PUT,OP,NA,35,12/30/2025,42100,PE,5,M,N,N,N,NA
NSE,D,50380,NA,OPTIDX,26009,BANKNIFTY,BANKNIFTY 30 DEC 42200 CALL,OP,NA,35,12/30/2025,42200,CE,5,M,N,N,N,NA
NSE,D,50381,NA,OPTIDX,26009,BANKNIFTY,BANKNIFTY 30 DEC 42200 PUT,OP,NA,35,12/30/2025,42200,PE,5,M,N,N,N,NA
NSE,D,50386,NA,OPTIDX,26009,BANKNIFTY,BANKNIFTY 30 DEC 42300 CALL,OP,NA,35,12/30/2025,42300,CE,5,M,N,N,N,NA
NSE,D,50387,NA,OPTIDX,26009,BANKNIFTY,BANKNIFTY 30 DEC 42300 PUT,OP,NA,35,12/30/2025,42300,PE,5,M,N,N,N,NA
NSE,D,50389,NA,OPTIDX,26009,BANKNIFTY,BANKNIFTY 30 DEC 42400 CALL,OP,NA,35,12/30/2025,42400,CE,5,M,N,N,N,NA
NSE,D,50390,NA,OPTIDX,26009,BANKNIFTY,BANKNIFTY 30 DEC 42400 PUT,OP,NA,35,12/30/2025,42400,PE,5,M,N,N,N,NA
NSE,D,50395,NA,OPTIDX,26009,BANKNIFTY,BANKNIFTY 30 DEC 42500 CALL,OP,NA,35,12/30/2025,42500,CE,5,M,N,N,N,NA
NSE,D,50396,NA,OPTIDX,26009,BANKNIFTY,BANKNIFTY 30 DEC 42500 PUT,OP,NA,35,12/30/2025,42500,PE,5,M,N,N,N,NA
NSE,D,50401,NA,OPTIDX,26009,BANKNIFTY,BANKNIFTY 30 DEC 42600 CALL,OP,NA,35,12/30/2025,42600,CE,5,M,N,N,N,NA
NSE,D,50402,NA,OPTIDX,26009,BANKNIFTY,BANKNIFTY 30 DEC 42600 PUT,OP,NA,35,12/30/2025,42600,PE,5,M,N,N,N,NA
NSE,D,50403,NA,OPTIDX,26009,BANKNIFTY,BANKNIFTY 30 DEC 42700 CALL,OP,NA,35,12/30/2025,42700,CE,5,M,N,N,N,NA
NSE,D,50404,NA,OPTIDX,26009,BANKNIFTY,BANKNIFTY 30 DEC 42700 PUT,OP,NA,35,12/30/2025,42700,PE,5,M,N,N,N,NA
NSE,D,50409,NA,OPTIDX,26009,BANKNIFTY,BANKNIFTY 30 DEC 73200 CALL,OP,NA,35,12/30/2025,73200,CE,5,M,N,N,N,NA
NSE,D,50431,NA,OPTIDX,26009,BANKNIFTY,BANKNIFTY 30 DEC 42800 CALL,OP,NA,35,12/30/2025,42800,CE,5,M,N,N,N,NA
NSE,D,50432,NA,OPTIDX,26009,BANKNIFTY,BANKNIFTY 30 DEC 42800 PUT,OP,NA,35,12/30/2025,42800,PE,5,M,N,N,N,NA
NSE,D,50469,NA,OPTIDX,26009,BANKNIFTY,BANKNIFTY 30 DEC 73200 PUT,OP,NA,35,12/30/2025,73200,PE,5,M,N,N,N,NA
NSE,D,50470,NA,OPTIDX,26009,BANKNIFTY,BANKNIFTY 30 DEC 42900 CALL,OP,NA,35,12/30/2025,42900,CE,5,M,N,N,N,NA
NSE,D,50471,NA,OPTIDX,26009,BANKNIFTY,BANKNIFTY 30 DEC 42900 PUT,OP,NA,35,12/30/2025,42900,PE,5,M,N,N,N,NA
NSE,D,50472,NA,OPTIDX,26009,BANKNIFTY,BANKNIFTY 30 DEC 43000 CALL,OP,NA,35,12/30/2025,43000,CE,5,M,N,N,N,NA
NSE,D,50478,NA,OPTIDX,26009,BANKNIFTY,BANKNIFTY 30 DEC 43000 PUT,OP,NA,35,12/30/2025,43000,PE,5,M,N,N,N,NA
NSE,D,50558,NA,OPTIDX,26009,BANKNIFTY,BANKNIFTY 30 DEC 43100 CALL,OP,NA,35,12/30/2025,43100,CE,5,M,N,N,N,NA
NSE,D,50559,NA,OPTIDX,26009,BANKNIFTY,BANKNIFTY 30 DEC 43100 PUT,OP,NA,35,12/30/2025,43100,PE,5,M,N,N,N,NA
NSE,D,50560,NA,OPTIDX,26009,BANKNIFTY,BANKNIFTY 30 DEC 43200 CALL,OP,NA,35,12/30/2025,43200,CE,5,M,N,N,N,NA
NSE,D,50561,NA,OPTIDX,26009,BANKNIFTY,BANKNIFTY 30 DEC 43200 PUT,OP,NA,35,12/30/2025,43200,PE,5,M,N,N,N,NA
NSE,D,50562,NA,OPTIDX,26009,BANKNIFTY,BANKNIFTY 30 DEC 43300 CALL,OP,NA,35,12/30/2025,43300,CE,5,M,N,N,N,NA
NSE,D,50563,NA,OPTIDX,26009,BANKNIFTY,BANKNIFTY 30 DEC 43300 PUT,OP,NA,35,12/30/2025,43300,PE,5,M,N,N,N,NA
NSE,D,50564,NA,OPTIDX,26009,BANKNIFTY,BANKNIFTY 30 DEC 43400 CALL,OP,NA,35,12/30/2025,43400,CE,5,M,N,N,N,NA
NSE,D,50565,NA,OPTIDX,26009,BANKNIFTY,BANKNIFTY 30 DEC 43400 PUT,OP,NA,35,12/30/2025,43400,PE,5,M,N,N,N,NA
NSE,D,50566,NA,OPTIDX,26009,BANKNIFTY,BANKNIFTY 30 DEC 43600 CALL,OP,NA,35,12/30/2025,43600,CE,5,M,N,N,N,NA
NSE,D,50567,NA,OPTIDX,26009,BANKNIFTY,BANKNIFTY 30 DEC 43600 PUT,OP,NA,35,12/30/2025,43600,PE,5,M,N,N,N,NA
NSE,D,50568,NA,OPTIDX,26009,BANKNIFTY,BANKNIFTY 30 DEC 43700 CALL,OP,NA,35,12/30/2025,43700,CE,5,M,N,N,N,NA
NSE,D,50571,NA,OPTIDX,26009,BANKNIFTY,BANKNIFTY 30 DEC 43700 PUT,OP,NA,35,12/30/2025,43700,PE,5,M,N,N,N,NA
NSE,D,50572,NA,OPTIDX,26009,BANKNIFTY,BANKNIFTY 30 DEC 43800 CALL,OP,NA,35,12/30/2025,43800,CE,5,M,N,N,N,NA
NSE,D,50573,NA,OPTIDX,26009,BANKNIFTY,BANKNIFTY 30 DEC 43800 PUT,OP,NA,35,12/30/2025,43800,PE,5,M,N,N,N,NA
NSE,D,50574,NA,OPTIDX,26009,BANKNIFTY,BANKNIFTY 30 DEC 43900 CALL,OP,NA,35,12/30/2025,43900,CE,5,M,N,N,N,NA
NSE,D,50575,NA,OPTIDX,26009,BANKNIFTY,BANKNIFTY 30 DEC 43900 PUT,OP,NA,35,12/30/2025,43900,PE,5,M,N,N,N,NA
NSE,D,50576,NA,OPTIDX,26009,BANKNIFTY,BANKNIFTY 30 DEC 44000 CALL,OP,NA,35,12/30/2025,44000,CE,5,M,N,N,N,NA
NSE,D,50577,NA,OPTIDX,26009,BANKNIFTY,BANKNIFTY 30 DEC 44000 PUT,OP,NA,35,12/30/2025,44000,PE,5,M,N,N,N,NA
NSE,D,50578,NA,OPTIDX,26009,BANKNIFTY,BANKNIFTY 30 DEC 44100 CALL,OP,NA,35,12/30/2025,44100,CE,5,M,N,N,N,NA
NSE,D,50579,NA,OPTIDX,26009,BANKNIFTY,BANKNIFTY 30 DEC 44100 PUT,OP,NA,35,12/30/2025,44100,PE,5,M,N,N,N,NA
NSE,D,50580,NA,OPTIDX,26009,BANKNIFTY,BANKNIFTY 30 DEC 44200 CALL,OP,NA,35,12/30/2025,44200,CE,5,M,N,N,N,NA
NSE,D,50581,NA,OPTIDX,26009,BANKNIFTY,BANKNIFTY 30 DEC 44200 PUT,OP,NA,35,12/30/2025,44200,PE,5,M,N,N,N,NA
NSE,D,50582,NA,OPTIDX,26009,BANKNIFTY,BANKNIFTY 30 DEC 44300 CALL,OP,NA,35,12/30/2025,44300,CE,5,M,N,N,N,NA
NSE,D,50583,NA,OPTIDX,26009,BANKNIFTY,BANKNIFTY 30 DEC 44300 PUT,OP,NA,35,12/30/2025,44300,PE,5,M,N,N,N,NA
NSE,D,50584,NA,OPTIDX,26009,BANKNIFTY,BANKNIFTY 30 DEC 44400 CALL,OP,NA,35,12/30/2025,44400,CE,5,M,N,N,N,NA
NSE,D,50585,NA,OPTIDX,26009,BANKNIFTY,BANKNIFTY 30 DEC 44400 PUT,OP,NA,35,12/30/2025,44400,PE,5,M,N,N,N,NA
NSE,D,50586,NA,OPTIDX,26009,BANKNIFTY,BANKNIFTY 30 DEC 44500 CALL,OP,NA,35,12/30/2025,44500,CE,5,M,N,N,N,NA
NSE,D,50587,NA,OPTIDX,26009,BANKNIFTY,BANKNIFTY 30 DEC 44500 PUT,OP,NA,35,12/30/2025,44500,PE,5,M,N,N,N,NA
NSE,D,50588,NA,OPTIDX,26009,BANKNIFTY,BANKNIFTY 30 DEC 44600 CALL,OP,NA,35,12/30/2025,44600,CE,5,M,N,N,N,NA
NSE,D,50589,NA,OPTIDX,26009,BANKNIFTY,BANKNIFTY 30 DEC 44600 PUT,OP,NA,35,12/30/2025,44600,PE,5,M,N,N,N,NA
NSE,D,50590,NA,OPTIDX,26009,BANKNIFTY,BANKNIFTY 30 DEC 44700 CALL,OP,NA,35,12/30/2025,44700,CE,5,M,N,N,N,NA
NSE,D,50591,NA,OPTIDX,26009,BANKNIFTY,BANKNIFTY 30 DEC 44700 PUT,OP,NA,35,12/30/2025,44700,PE,5,M,N,N,N,NA
NSE,D,50592,NA,OPTIDX,26009,BANKNIFTY,BANKNIFTY 30 DEC 44800 CALL,OP,NA,35,12/30/2025,44800,CE,5,M,N,N,N,NA
NSE,D,50593,NA,OPTIDX,26009,BANKNIFTY,BANKNIFTY 30 DEC 44800 PUT,OP,NA,35,12/30/2025,44800,PE,5,M,N,N,N,NA
NSE,D,50594,NA,OPTIDX,26009,BANKNIFTY,BANKNIFTY 30 DEC 44900 CALL,OP,NA,35,12/30/2025,44900,CE,5,M,N,N,N,NA
NSE,D,50595,NA,OPTIDX,26009,BANKNIFTY,BANKNIFTY 30 DEC 44900 PUT,OP,NA,35,12/30/2025,44900,PE,5,M,N,N,N,NA
NSE,D,50596,NA,OPTIDX,26009,BANKNIFTY,BANKNIFTY 30 DEC 45100 CALL,OP,NA,35,12/30/2025,45100,CE,5,M,N,N,N,NA
NSE,D,50597,NA,OPTIDX,26009,BANKNIFTY,BANKNIFTY 30 DEC 45100 PUT,OP,NA,35,12/30/2025,45100,PE,5,M,N,N,N,NA
NSE,D,50600,NA,OPTIDX,26009,BANKNIFTY,BANKNIFTY 30 DEC 45200 CALL,OP,NA,35,12/30/2025,45200,CE,5,M,N,N,N,NA
NSE,D,50601,NA,OPTIDX,26009,BANKNIFTY,BANKNIFTY 30 DEC 45200 PUT,OP,NA,35,12/30/2025,45200,PE,5,M,N,N,N,NA
NSE,D,50602,NA,OPTIDX,26009,BANKNIFTY,BANKNIFTY 30 DEC 45300 CALL,OP,NA,35,12/30/2025,45300,CE,5,M,N,N,N,NA
NSE,D,50603,NA,OPTIDX,26009,BANKNIFTY,BANKNIFTY 30 DEC 45300 PUT,OP,NA,35,12/30/2025,45300,PE,5,M,N,N,N,NA
NSE,D,50604,NA,OPTIDX,26009,BANKNIFTY,BANKNIFTY 30 DEC 45400 CALL,OP,NA,35,12/30/2025,45400,CE,5,M,N,N,N,NA
NSE,D,50605,NA,OPTIDX,26009,BANKNIFTY,BANKNIFTY 30 DEC 45400 PUT,OP,NA,35,12/30/2025,45400,PE,5,M,N,N,N,NA
NSE,D,50606,NA,OPTIDX,26009,BANKNIFTY,BANKNIFTY 30 DEC 45500 CALL,OP,NA,35,12/30/2025,45500,CE,5,M,N,N,N,NA
NSE,D,50607,NA,OPTIDX,26009,BANKNIFTY,BANKNIFTY 30 DEC 45500 PUT,OP,NA,35,12/30/2025,45500,PE,5,M,N,N,N,NA
NSE,D,50608,NA,OPTIDX,26009,BANKNIFTY,BANKNIFTY 30 DEC 45600 CALL,OP,NA,35,12/30/2025,45600,CE,5,M,N,N,N,NA
NSE,D,50609,NA,OPTIDX,26009,BANKNIFTY,BANKNIFTY 30 DEC 45600 PUT,OP,NA,35,12/30/2025,45600,PE,5,M,N,N,N,NA
NSE,D,50610,NA,OPTIDX,26009,BANKNIFTY,BANKNIFTY 30 DEC 45700 CALL,OP,NA,35,12/30/2025,45700,CE,5,M,N,N,N,NA
NSE,D,50611,NA,OPTIDX,26009,BANKNIFTY,BANKNIFTY 30 DEC 45700 PUT,OP,NA,35,12/30/2025,45700,PE,5,M,N,N,N,NA
NSE,D,50612,NA,OPTIDX,26009,BANKNIFTY,BANKNIFTY 30 DEC 45800 CALL,OP,NA,35,12/30/2025,45800,CE,5,M,N,N,N,NA
NSE,D,50613,NA,OPTIDX,26009,BANKNIFTY,BANKNIFTY 30 DEC 45800 PUT,OP,NA,35,12/30/2025,45800,PE,5,M,N,N,N,NA
NSE,D,50614,NA,OPTIDX,26009,BANKNIFTY,BANKNIFTY 30 DEC 45900 CALL,OP,NA,35,12/30/2025,45900,CE,5,M,N,N,N,NA
NSE,D,50615,NA,OPTIDX,26009,BANKNIFTY,BANKNIFTY 30 DEC 45900 PUT,OP,NA,35,12/30/2025,45900,PE,5,M,N,N,N,NA
NSE,D,50616,NA,OPTIDX,26009,BANKNIFTY,BANKNIFTY 30 DEC 46000 CALL,OP,NA,35,12/30/2025,46000,CE,5,M,N,N,N,NA
NSE,D,50617,NA,OPTIDX,26009,BANKNIFTY,BANKNIFTY 30 DEC 46000 PUT,OP,NA,35,12/30/2025,46000,PE,5,M,N,N,N,NA
NSE,D,50618,NA,OPTIDX,26009,BANKNIFTY,BANKNIFTY 30 DEC 46100 CALL,OP,NA,35,12/30/2025,46100,CE,5,M,N,N,N,NA
NSE,D,50619,NA,OPTIDX,26009,BANKNIFTY,BANKNIFTY 30 DEC 46100 PUT,OP,NA,35,12/30/2025,46100,PE,5,M,N,N,N,NA
NSE,D,50620,NA,OPTIDX,26009,BANKNIFTY,BANKNIFTY 30 DEC 46200 CALL,OP,NA,35,12/30/2025,46200,CE,5,M,N,N,N,NA
NSE,D,50621,NA,OPTIDX,26009,BANKNIFTY,BANKNIFTY 30 DEC 46200 PUT,OP,NA,35,12/30/2025,46200,PE,5,M,N,N,N,NA
NSE,D,50622,NA,OPTIDX,26009,BANKNIFTY,BANKNIFTY 30 DEC 46300 CALL,OP,NA,35,12/30/2025,46300,CE,5,M,N,N,N,NA
NSE,D,50623,NA,OPTIDX,26009,BANKNIFTY,BANKNIFTY 30 DEC 46300 PUT,OP,NA,35,12/30/2025,46300,PE,5,M,N,N,N,NA
NSE,D,50624,NA,OPTIDX,26009,BANKNIFTY,BANKNIFTY 30 DEC 46400 CALL,OP,NA,35,12/30/2025,46400,CE,5,M,N,N,N,NA
NSE,D,50627,NA,OPTIDX,26009,BANKNIFTY,BANKNIFTY 30 DEC 46400 PUT,OP,NA,35,12/30/2025,46400,PE,5,M,N,N,N,NA
NSE,D,50628,NA,OPTIDX,26009,BANKNIFTY,BANKNIFTY 30 DEC 46600 CALL,OP,NA,35,12/30/2025,46600,CE,5,M,N,N,N,NA
NSE,D,50629,NA,OPTIDX,26009,BANKNIFTY,BANKNIFTY 30 DEC 46600 PUT,OP,NA,35,12/30/2025,46600,PE,5,M,N,N,N,NA
NSE,D,50630,NA,OPTIDX,26009,BANKNIFTY,BANKNIFTY 30 DEC 46700 CALL,OP,NA,35,12/30/2025,46700,CE,5,M,N,N,N,NA
NSE,D,50631,NA,OPTIDX,26009,BANKNIFTY,BANKNIFTY 30 DEC 46700 PUT,OP,NA,35,12/30/2025,46700,PE,5,M,N,N,N,NA
NSE,D,50632,NA,OPTIDX,26009,BANKNIFTY,BANKNIFTY 30 DEC 46800 CALL,OP,NA,35,12/30/2025,46800,CE,5,M,N,N,N,NA
NSE,D,50633,NA,OPTIDX,26009,BANKNIFTY,BANKNIFTY 30 DEC 46800 PUT,OP,NA,35,12/30/2025,46800,PE,5,M,N,N,N,NA
NSE,D,50634,NA,OPTIDX,26009,BANKNIFTY,BANKNIFTY 30 DEC 46900 CALL,OP,NA,35,12/30/2025,46900,CE,5,M,N,N,N,NA
NSE,D,50635,NA,OPTIDX,26009,BANKNIFTY,BANKNIFTY 30 DEC 46900 PUT,OP,NA,35,12/30/2025,46900,PE,5,M,N,N,N,NA
NSE,D,50636,NA,OPTIDX,26009,BANKNIFTY,BANKNIFTY 30 DEC 47000 CALL,OP,NA,35,12/30/2025,47000,CE,5,M,N,N,N,NA
NSE,D,50637,NA,OPTIDX,26009,BANKNIFTY,BANKNIFTY 30 DEC 47000 PUT,OP,NA,35,12/30/2025,47000,PE,5,M,N,N,N,NA
NSE,D,50638,NA,OPTIDX,26009,BANKNIFTY,BANKNIFTY 30 DEC 47100 CALL,OP,NA,35,12/30/2025,47100,CE,5,M,N,N,N,NA
NSE,D,50639,NA,OPTIDX,26009,BANKNIFTY,BANKNIFTY 30 DEC 47100 PUT,OP,NA,35,12/30/2025,47100,PE,5,M,N,N,N,NA
NSE,D,50642,NA,OPTIDX,26009,BANKNIFTY,BANKNIFTY 30 DEC 47200 CALL,OP,NA,35,12/30/2025,47200,CE,5,M,N,N,N,NA
NSE,D,50643,NA,OPTIDX,26009,BANKNIFTY,BANKNIFTY 30 DEC 47200 PUT,OP,NA,35,12/30/2025,47200,PE,5,M,N,N,N,NA
NSE,D,50644,NA,OPTIDX,26009,BANKNIFTY,BANKNIFTY 30 DEC 47300 CALL,OP,NA,35,12/30/2025,47300,CE,5,M,N,N,N,NA
NSE,D,50645,NA,OPTIDX,26009,BANKNIFTY,BANKNIFTY 30 DEC 47300 PUT,OP,NA,35,12/30/2025,47300,PE,5,M,N,N,N,NA
NSE,D,50646,NA,OPTIDX,26009,BANKNIFTY,BANKNIFTY 30 DEC 47400 CALL,OP,NA,35,12/30/2025,47400,CE,5,M,N,N,N,NA
NSE,D,50647,NA,OPTIDX,26009,BANKNIFTY,BANKNIFTY 30 DEC 47400 PUT,OP,NA,35,12/30/2025,47400,PE,5,M,N,N,N,NA
NSE,D,50648,NA,OPTIDX,26009,BANKNIFTY,BANKNIFTY 30 DEC 47500 CALL,OP,NA,35,12/30/2025,47500,CE,5,M,N,N,N,NA
NSE,D,50649,NA,OPTIDX,26009,BANKNIFTY,BANKNIFTY 30 DEC 47500 PUT,OP,NA,35,12/30/2025,47500,PE,5,M,N,N,N,NA
NSE,D,50650,NA,OPTIDX,26009,BANKNIFTY,BANKNIFTY 30 DEC 47600 CALL,OP,NA,35,12/30/2025,47600,CE,5,M,N,N,N,NA
NSE,D,50651,NA,OPTIDX,26009,BANKNIFTY,BANKNIFTY 30 DEC 47600 PUT,OP,NA,35,12/30/2025,47600,PE,5,M,N,N,N,NA
NSE,D,50654,NA,OPTIDX,26009,BANKNIFTY,BANKNIFTY 30 DEC 47700 CALL,OP,NA,35,12/30/2025,47700,CE,5,M,N,N,N,NA
NSE,D,50655,NA,OPTIDX,26009,BANKNIFTY,BANKNIFTY 30 DEC 47700 PUT,OP,NA,35,12/30/2025,47700,PE,5,M,N,N,N,NA
NSE,D,50656,NA,OPTIDX,26009,BANKNIFTY,BANKNIFTY 30 DEC 47800 CALL,OP,NA,35,12/30/2025,47800,CE,5,M,N,N,N,NA
NSE,D,50657,NA,OPTIDX,26009,BANKNIFTY,BANKNIFTY 30 DEC 47800 PUT,OP,NA,35,12/30/2025,47800,PE,5,M,N,N,N,NA
NSE,D,50658,NA,OPTIDX,26009,BANKNIFTY,BANKNIFTY 30 DEC 47900 CALL,OP,NA,35,12/30/2025,47900,CE,5,M,N,N,N,NA
NSE,D,50659,NA,OPTIDX,26009,BANKNIFTY,BANKNIFTY 30 DEC 47900 PUT,OP,NA,35,12/30/2025,47900,PE,5,M,N,N,N,NA
NSE,D,50687,NA,OPTIDX,26009,BANKNIFTY,BANKNIFTY 30 DEC 48100 CALL,OP,NA,35,12/30/2025,48100,CE,5,M,N,N,N,NA
NSE,D,50688,NA,OPTIDX,26009,BANKNIFTY,BANKNIFTY 30 DEC 48100 PUT,OP,NA,35,12/30/2025,48100,PE,5,M,N,N,N,NA
NSE,D,50692,NA,OPTIDX,26009,BANKNIFTY,BANKNIFTY 30 DEC 48200 CALL,OP,NA,35,12/30/2025,48200,CE,5,M,N,N,N,NA
NSE,D,50693,NA,OPTIDX,26009,BANKNIFTY,BANKNIFTY 30 DEC 48200 PUT,OP,NA,35,12/30/2025,48200,PE,5,M,N,N,N,NA
NSE,D,50709,NA,OPTIDX,26009,BANKNIFTY,BANKNIFTY 30 DEC 48300 CALL,OP,NA,35,12/30/2025,48300,CE,5,M,N,N,N,NA
NSE,D,50710,NA,OPTIDX,26009,BANKNIFTY,BANKNIFTY 30 DEC 48300 PUT,OP,NA,35,12/30/2025,48300,PE,5,M,N,N,N,NA
NSE,D,50714,NA,OPTIDX,26009,BANKNIFTY,BANKNIFTY 30 DEC 48400 CALL,OP,NA,35,12/30/2025,48400,CE,5,M,N,N,N,NA
NSE,D,50715,NA,OPTIDX,26009,BANKNIFTY,BANKNIFTY 30 DEC 48400 PUT,OP,NA,35,12/30/2025,48400,PE,5,M,N,N,N,NA
NSE,D,50723,NA,OPTIDX,26009,BANKNIFTY,BANKNIFTY 30 DEC 48500 CALL,OP,NA,35,12/30/2025,48500,CE,5,M,N,N,N,NA
NSE,D,50724,NA,OPTIDX,26009,BANKNIFTY,BANKNIFTY 30 DEC 48500 PUT,OP,NA,35,12/30/2025,48500,PE,5,M,N,N,N,NA
NSE,D,50728,NA,OPTIDX,26009,BANKNIFTY,BANKNIFTY 30 DEC 48600 CALL,OP,NA,35,12/30/2025,48600,CE,5,M,N,N,N,NA
NSE,D,50730,NA,OPTIDX,26009,BANKNIFTY,BANKNIFTY 30 DEC 48600 PUT,OP,NA,35,12/30/2025,48600,PE,5,M,N,N,N,NA
NSE,D,50742,NA,OPTIDX,26009,BANKNIFTY,BANKNIFTY 30 DEC 48700 CALL,OP,NA,35,12/30/2025,48700,CE,5,M,N,N,N,NA
NSE,D,50743,NA,OPTIDX,26009,BANKNIFTY,BANKNIFTY 30 DEC 48700 PUT,OP,NA,35,12/30/2025,48700,PE,5,M,N,N,N,NA
NSE,D,50746,NA,OPTIDX,26009,BANKNIFTY,BANKNIFTY 30 DEC 48800 CALL,OP,NA,35,12/30/2025,48800,CE,5,M,N,N,N,NA
NSE,D,50747,NA,OPTIDX,26009,BANKNIFTY,BANKNIFTY 30 DEC 48800 PUT,OP,NA,35,12/30/2025,48800,PE,5,M,N,N,N,NA
NSE,D,50748,NA,OPTIDX,26009,BANKNIFTY,BANKNIFTY 30 DEC 48900 CALL,OP,NA,35,12/30/2025,48900,CE,5,M,N,N,N,NA
NSE,D,50751,NA,OPTIDX,26009,BANKNIFTY,BANKNIFTY 30 DEC 48900 PUT,OP,NA,35,12/30/2025,48900,PE,5,M,N,N,N,NA
NSE,D,50754,NA,OPTIDX,26009,BANKNIFTY,BANKNIFTY 30 DEC 49000 CALL,OP,NA,35,12/30/2025,49000,CE,5,M,N,N,N,NA
NSE,D,50755,NA,OPTIDX,26009,BANKNIFTY,BANKNIFTY 30 DEC 49000 PUT,OP,NA,35,12/30/2025,49000,PE,5,M,N,N,N,NA
NSE,D,50756,NA,OPTIDX,26009,BANKNIFTY,BANKNIFTY 30 DEC 49100 CALL,OP,NA,35,12/30/2025,49100,CE,5,M,N,N,N,NA
NSE,D,50757,NA,OPTIDX,26009,BANKNIFTY,BANKNIFTY 30 DEC 49100 PUT,OP,NA,35,12/30/2025,49100,PE,5,M,N,N,N,NA
NSE,D,50760,NA,OPTIDX,26009,BANKNIFTY,BANKNIFTY 30 DEC 49200 CALL,OP,NA,35,12/30/2025,49200,CE,5,M,N,N,N,NA
NSE,D,50761,NA,OPTIDX,26009,BANKNIFTY,BANKNIFTY 30 DEC 49200 PUT,OP,NA,35,12/30/2025,49200,PE,5,M,N,N,N,NA
NSE,D,50768,NA,OPTIDX,26009,BANKNIFTY,BANKNIFTY 30 DEC 49300 CALL,OP,NA,35,12/30/2025,49300,CE,5,M,N,N,N,NA
NSE,D,50769,NA,OPTIDX,26009,BANKNIFTY,BANKNIFTY 30 DEC 49300 PUT,OP,NA,35,12/30/2025,49300,PE,5,M,N,N,N,NA
NSE,D,50786,NA,OPTIDX,26009,BANKNIFTY,BANKNIFTY 30 DEC 49400 CALL,OP,NA,35,12/30/2025,49400,CE,5,M,N,N,N,NA
NSE,D,50787,NA,OPTIDX,26009,BANKNIFTY,BANKNIFTY 30 DEC 49400 PUT,OP,NA,35,12/30/2025,49400,PE,5,M,N,N,N,NA
NSE,D,50788,NA,OPTIDX,26009,BANKNIFTY,BANKNIFTY 30 DEC 49600 CALL,OP,NA,35,12/30/2025,49600,CE,5,M,N,N,N,NA
NSE,D,50789,NA,OPTIDX,26009,BANKNIFTY,BANKNIFTY 30 DEC 49600 PUT,OP,NA,35,12/30/2025,49600,PE,5,M,N,N,N,NA
NSE,D,50794,NA,OPTIDX,26009,BANKNIFTY,BANKNIFTY 30 DEC 49700 CALL,OP,NA,35,12/30/2025,49700,CE,5,M,N,N,N,NA
NSE,D,50795,NA,OPTIDX,26009,BANKNIFTY,BANKNIFTY 30 DEC 49700 PUT,OP,NA,35,12/30/2025,49700,PE,5,M,N,N,N,NA
NSE,D,50798,NA,OPTIDX,26009,BANKNIFTY,BANKNIFTY 30 DEC 49800 CALL,OP,NA,35,12/30/2025,49800,CE,5,M,N,N,N,NA
NSE,D,50799,NA,OPTIDX,26009,BANKNIFTY,BANKNIFTY 30 DEC 49800 PUT,OP,NA,35,12/30/2025,49800,PE,5,M,N,N,N,NA
NSE,D,50802,NA,OPTIDX,26009,BANKNIFTY,BANKNIFTY 30 DEC 49900 CALL,OP,NA,35,12/30/2025,49900,CE,5,M,N,N,N,NA
NSE,D,50803,NA,OPTIDX,26009,BANKNIFTY,BANKNIFTY 30 DEC 49900 PUT,OP,NA,35,12/30/2025,49900,PE,5,M,N,N,N,NA
NSE,D,50808,NA,OPTIDX,26009,BANKNIFTY,BANKNIFTY 30 DEC 50000 CALL,OP,NA,35,12/30/2025,50000,CE,5,M,N,N,N,NA
NSE,D,50809,NA,OPTIDX,26009,BANKNIFTY,BANKNIFTY 30 DEC 50000 PUT,OP,NA,35,12/30/2025,50000,PE,5,M,N,N,N,NA
NSE,D,50816,NA,OPTIDX,26009,BANKNIFTY,BANKNIFTY 30 DEC 50100 CALL,OP,NA,35,12/30/2025,50100,CE,5,M,N,N,N,NA
NSE,D,50817,NA,OPTIDX,26009,BANKNIFTY,BANKNIFTY 30 DEC 50100 PUT,OP,NA,35,12/30/2025,50100,PE,5,M,N,N,N,NA
NSE,D,50826,NA,OPTIDX,26009,BANKNIFTY,BANKNIFTY 30 DEC 50200 CALL,OP,NA,35,12/30/2025,50200,CE,5,M,N,N,N,NA
NSE,D,50827,NA,OPTIDX,26009,BANKNIFTY,BANKNIFTY 30 DEC 50200 PUT,OP,NA,35,12/30/2025,50200,PE,5,M,N,N,N,NA
NSE,D,50828,NA,OPTIDX,26009,BANKNIFTY,BANKNIFTY 30 DEC 50300 CALL,OP,NA,35,12/30/2025,50300,CE,5,M,N,N,N,NA
NSE,D,50829,NA,OPTIDX,26009,BANKNIFTY,BANKNIFTY 30 DEC 50300 PUT,OP,NA,35,12/30/2025,50300,PE,5,M,N,N,N,NA
NSE,D,50838,NA,OPTIDX,26009,BANKNIFTY,BANKNIFTY 30 DEC 50400 CALL,OP,NA,35,12/30/2025,50400,CE,5,M,N,N,N,NA
NSE,D,50839,NA,OPTIDX,26009,BANKNIFTY,BANKNIFTY 30 DEC 50400 PUT,OP,NA,35,12/30/2025,50400,PE,5,M,N,N,N,NA
NSE,D,50840,NA,OPTIDX,26009,BANKNIFTY,BANKNIFTY 30 DEC 50500 CALL,OP,NA,35,12/30/2025,50500,CE,5,M,N,N,N,NA
NSE,D,50841,NA,OPTIDX,26009,BANKNIFTY,BANKNIFTY 30 DEC 50500 PUT,OP,NA,35,12/30/2025,50500,PE,5,M,N,N,N,NA
NSE,D,50842,NA,OPTIDX,26009,BANKNIFTY,BANKNIFTY 30 DEC 50600 CALL,OP,NA,35,12/30/2025,50600,CE,5,M,N,N,N,NA
NSE,D,50843,NA,OPTIDX,26009,BANKNIFTY,BANKNIFTY 30 DEC 50600 PUT,OP,NA,35,12/30/2025,50600,PE,5,M,N,N,N,NA
NSE,D,50844,NA,OPTIDX,26009,BANKNIFTY,BANKNIFTY 30 DEC 50700 CALL,OP,NA,35,12/30/2025,50700,CE,5,M,N,N,N,NA
NSE,D,50845,NA,OPTIDX,26009,BANKNIFTY,BANKNIFTY 30 DEC 50700 PUT,OP,NA,35,12/30/2025,50700,PE,5,M,N,N,N,NA
NSE,D,50858,NA,OPTIDX,26009,BANKNIFTY,BANKNIFTY 30 DEC 50800 CALL,OP,NA,35,12/30/2025,50800,CE,5,M,N,N,N,NA
NSE,D,50859,NA,OPTIDX,26009,BANKNIFTY,BANKNIFTY 30 DEC 50800 PUT,OP,NA,35,12/30/2025,50800,PE,5,M,N,N,N,NA
NSE,D,50886,NA,OPTIDX,26009,BANKNIFTY,BANKNIFTY 30 DEC 50900 CALL,OP,NA,35,12/30/2025,50900,CE,5,M,N,N,N,NA
NSE,D,50887,NA,OPTIDX,26009,BANKNIFTY,BANKNIFTY 30 DEC 50900 PUT,OP,NA,35,12/30/2025,50900,PE,5,M,N,N,N,NA
NSE,D,50894,NA,OPTIDX,26009,BANKNIFTY,BANKNIFTY 30 DEC 51100 CALL,OP,NA,35,12/30/2025,51100,CE,5,M,N,N,N,NA
NSE,D,50895,NA,OPTIDX,26009,BANKNIFTY,BANKNIFTY 30 DEC 51100 PUT,OP,NA,35,12/30/2025,51100,PE,5,M,N,N,N,NA
NSE,D,50904,NA,OPTIDX,26009,BANKNIFTY,BANKNIFTY 30 DEC 51200 CALL,OP,NA,35,12/30/2025,51200,CE,5,M,N,N,N,NA
NSE,D,50905,NA,OPTIDX,26009,BANKNIFTY,BANKNIFTY 30 DEC 51200 PUT,OP,NA,35,12/30/2025,51200,PE,5,M,N,N,N,NA
NSE,D,50921,NA,OPTIDX,26009,BANKNIFTY,BANKNIFTY 30 DEC 51300 CALL,OP,NA,35,12/30/2025,51300,CE,5,M,N,N,N,NA
NSE,D,50922,NA,OPTIDX,26009,BANKNIFTY,BANKNIFTY 30 DEC 51300 PUT,OP,NA,35,12/30/2025,51300,PE,5,M,N,N,N,NA
NSE,D,50923,NA,OPTIDX,26009,BANKNIFTY,BANKNIFTY 30 DEC 51400 CALL,OP,NA,35,12/30/2025,51400,CE,5,M,N,N,N,NA
NSE,D,50924,NA,OPTIDX,26009,BANKNIFTY,BANKNIFTY 30 DEC 51400 PUT,OP,NA,35,12/30/2025,51400,PE,5,M,N,N,N,NA
NSE,D,50932,NA,OPTIDX,26009,BANKNIFTY,BANKNIFTY 30 DEC 51500 CALL,OP,NA,35,12/30/2025,51500,CE,5,M,N,N,N,NA
NSE,D,50933,NA,OPTIDX,26009,BANKNIFTY,BANKNIFTY 30 DEC 51500 PUT,OP,NA,35,12/30/2025,51500,PE,5,M,N,N,N,NA
NSE,D,50936,NA,OPTIDX,26009,BANKNIFTY,BANKNIFTY 30 DEC 51600 CALL,OP,NA,35,12/30/2025,51600,CE,5,M,N,N,N,NA
NSE,D,50937,NA,OPTIDX,26009,BANKNIFTY,BANKNIFTY 30 DEC 51600 PUT,OP,NA,35,12/30/2025,51600,PE,5,M,N,N,N,NA
NSE,D,50940,NA,OPTIDX,26009,BANKNIFTY,BANKNIFTY 30 DEC 51700 CALL,OP,NA,35,12/30/2025,51700,CE,5,M,N,N,N,NA
NSE,D,50945,NA,OPTIDX,26009,BANKNIFTY,BANKNIFTY 30 DEC 51700 PUT,OP,NA,35,12/30/2025,51700,PE,5,M,N,N,N,NA
NSE,D,51076,NA,OPTIDX,26009,BANKNIFTY,BANKNIFTY 30 DEC 51800 CALL,OP,NA,35,12/30/2025,51800,CE,5,M,N,N,N,NA
NSE,D,51077,NA,OPTIDX,26009,BANKNIFTY,BANKNIFTY 30 DEC 51800 PUT,OP,NA,35,12/30/2025,51800,PE,5,M,N,N,N,NA
NSE,D,51078,NA,OPTIDX,26009,BANKNIFTY,BANKNIFTY 30 DEC 51900 CALL,OP,NA,35,12/30/2025,51900,CE,5,M,N,N,N,NA
NSE,D,51079,NA,OPTIDX,26009,BANKNIFTY,BANKNIFTY 30 DEC 51900 PUT,OP,NA,35,12/30/2025,51900,PE,5,M,N,N,N,NA
NSE,D,51080,NA,OPTIDX,26009,BANKNIFTY,BANKNIFTY 30 DEC 52000 CALL,OP,NA,35,12/30/2025,52000,CE,5,M,N,N,N,NA
NSE,D,51081,NA,OPTIDX,26009,BANKNIFTY,BANKNIFTY 30 DEC 52000 PUT,OP,NA,35,12/30/2025,52000,PE,5,M,N,N,N,NA
NSE,D,51082,NA,OPTIDX,26009,BANKNIFTY,BANKNIFTY 30 DEC 52100 CALL,OP,NA,35,12/30/2025,52100,CE,5,M,N,N,N,NA
NSE,D,51083,NA,OPTIDX,26009,BANKNIFTY,BANKNIFTY 30 DEC 52100 PUT,OP,NA,35,12/30/2025,52100,PE,5,M,N,N,N,NA
NSE,D,51084,NA,OPTIDX,26009,BANKNIFTY,BANKNIFTY 30 DEC 52200 CALL,OP,NA,35,12/30/2025,52200,CE,5,M,N,N,N,NA
NSE,D,51085,NA,OPTIDX,26009,BANKNIFTY,BANKNIFTY 30 DEC 52200 PUT,OP,NA,35,12/30/2025,52200,PE,5,M,N,N,N,NA
NSE,D,51086,NA,OPTIDX,26009,BANKNIFTY,BANKNIFTY 30 DEC 52300 CALL,OP,NA,35,12/30/2025,52300,CE,5,M,N,N,N,NA
NSE,D,51087,NA,OPTIDX,26009,BANKNIFTY,BANKNIFTY 30 DEC 52300 PUT,OP,NA,35,12/30/2025,52300,PE,5,M,N,N,N,NA
NSE,D,51088,NA,OPTIDX,26009,BANKNIFTY,BANKNIFTY 30 DEC 52400 CALL,OP,NA,35,12/30/2025,52400,CE,5,M,N,N,N,NA
NSE,D,51089,NA,OPTIDX,26009,BANKNIFTY,BANKNIFTY 30 DEC 52400 PUT,OP,NA,35,12/30/2025,52400,PE,5,M,N,N,N,NA
NSE,D,51090,NA,OPTIDX,26009,BANKNIFTY,BANKNIFTY 30 DEC 52600 CALL,OP,NA,35,12/30/2025,52600,CE,5,M,N,N,N,NA
NSE,D,51091,NA,OPTIDX,26009,BANKNIFTY,BANKNIFTY 30 DEC 52600 PUT,OP,NA,35,12/30/2025,52600,PE,5,M,N,N,N,NA
NSE,D,51092,NA,OPTIDX,26009,BANKNIFTY,BANKNIFTY 30 DEC 52700 CALL,OP,NA,35,12/30/2025,52700,CE,5,M,N,N,N,NA
NSE,D,51093,NA,OPTIDX,26009,BANKNIFTY,BANKNIFTY 30 DEC 52700 PUT,OP,NA,35,12/30/2025,52700,PE,5,M,N,N,N,NA
NSE,D,51094,NA,OPTIDX,26009,BANKNIFTY,BANKNIFTY 30 DEC 52800 CALL,OP,NA,35,12/30/2025,52800,CE,5,M,N,N,N,NA
NSE,D,51095,NA,OPTIDX,26009,BANKNIFTY,BANKNIFTY 30 DEC 52800 PUT,OP,NA,35,12/30/2025,52800,PE,5,M,N,N,N,NA
NSE,D,51096,NA,OPTIDX,26009,BANKNIFTY,BANKNIFTY 30 DEC 52900 CALL,OP,NA,35,12/30/2025,52900,CE,5,M,N,N,N,NA
NSE,D,51097,NA,OPTIDX,26009,BANKNIFTY,BANKNIFTY 30 DEC 52900 PUT,OP,NA,35,12/30/2025,52900,PE,5,M,N,N,N,NA
NSE,D,51098,NA,OPTIDX,26009,BANKNIFTY,BANKNIFTY 30 DEC 53000 CALL,OP,NA,35,12/30/2025,53000,CE,5,M,N,N,N,NA
NSE,D,51099,NA,OPTIDX,26009,BANKNIFTY,BANKNIFTY 30 DEC 53000 PUT,OP,NA,35,12/30/2025,53000,PE,5,M,N,N,N,NA
NSE,D,51100,NA,OPTIDX,26009,BANKNIFTY,BANKNIFTY 30 DEC 53100 CALL,OP,NA,35,12/30/2025,53100,CE,5,M,N,N,N,NA
NSE,D,51101,NA,OPTIDX,26009,BANKNIFTY,BANKNIFTY 30 DEC 53100 PUT,OP,NA,35,12/30/2025,53100,PE,5,M,N,N,N,NA
NSE,D,51102,NA,OPTIDX,26009,BANKNIFTY,BANKNIFTY 30 DEC 53200 CALL,OP,NA,35,12/30/2025,53200,CE,5,M,N,N,N,NA
NSE,D,51103,NA,OPTIDX,26009,BANKNIFTY,BANKNIFTY 30 DEC 53200 PUT,OP,NA,35,12/30/2025,53200,PE,5,M,N,N,N,NA
NSE,D,51104,NA,OPTIDX,26009,BANKNIFTY,BANKNIFTY 30 DEC 53300 CALL,OP,NA,35,12/30/2025,53300,CE,5,M,N,N,N,NA
NSE,D,51105,NA,OPTIDX,26009,BANKNIFTY,BANKNIFTY 30 DEC 53300 PUT,OP,NA,35,12/30/2025,53300,PE,5,M,N,N,N,NA
NSE,D,51106,NA,OPTIDX,26009,BANKNIFTY,BANKNIFTY 30 DEC 53400 CALL,OP,NA,35,12/30/2025,53400,CE,5,M,N,N,N,NA
NSE,D,51107,NA,OPTIDX,26009,BANKNIFTY,BANKNIFTY 30 DEC 53400 PUT,OP,NA,35,12/30/2025,53400,PE,5,M,N,N,N,NA
NSE,D,51108,NA,OPTIDX,26009,BANKNIFTY,BANKNIFTY 30 DEC 53500 CALL,OP,NA,35,12/30/2025,53500,CE,5,M,N,N,N,NA
NSE,D,51109,NA,OPTIDX,26009,BANKNIFTY,BANKNIFTY 30 DEC 53500 PUT,OP,NA,35,12/30/2025,53500,PE,5,M,N,N,N,NA
NSE,D,51110,NA,OPTIDX,26009,BANKNIFTY,BANKNIFTY 30 DEC 53600 CALL,OP,NA,35,12/30/2025,53600,CE,5,M,N,N,N,NA
NSE,D,51111,NA,OPTIDX,26009,BANKNIFTY,BANKNIFTY 30 DEC 53600 PUT,OP,NA,35,12/30/2025,53600,PE,5,M,N,N,N,NA
NSE,D,51112,NA,OPTIDX,26009,BANKNIFTY,BANKNIFTY 30 DEC 53700 CALL,OP,NA,35,12/30/2025,53700,CE,5,M,N,N,N,NA
NSE,D,51113,NA,OPTIDX,26009,BANKNIFTY,BANKNIFTY 30 DEC 53700 PUT,OP,NA,35,12/30/2025,53700,PE,5,M,N,N,N,NA
NSE,D,51114,NA,OPTIDX,26009,BANKNIFTY,BANKNIFTY 30 DEC 53800 CALL,OP,NA,35,12/30/2025,53800,CE,5,M,N,N,N,NA
NSE,D,51115,NA,OPTIDX,26009,BANKNIFTY,BANKNIFTY 30 DEC 53800 PUT,OP,NA,35,12/30/2025,53800,PE,5,M,N,N,N,NA
NSE,D,51116,NA,OPTIDX,26009,BANKNIFTY,BANKNIFTY 30 DEC 53900 CALL,OP,NA,35,12/30/2025,53900,CE,5,M,N,N,N,NA
NSE,D,51117,NA,OPTIDX,26009,BANKNIFTY,BANKNIFTY 30 DEC 53900 PUT,OP,NA,35,12/30/2025,53900,PE,5,M,N,N,N,NA
NSE,D,51118,NA,OPTIDX,26009,BANKNIFTY,BANKNIFTY 30 DEC 54100 CALL,OP,NA,35,12/30/2025,54100,CE,5,M,N,N,N,NA
NSE,D,51119,NA,OPTIDX,26009,BANKNIFTY,BANKNIFTY 30 DEC 54100 PUT,OP,NA,35,12/30/2025,54100,PE,5,M,N,N,N,NA
NSE,D,51120,NA,OPTIDX,26009,BANKNIFTY,BANKNIFTY 30 DEC 54200 CALL,OP,NA,35,12/30/2025,54200,CE,5,M,N,N,N,NA
NSE,D,51121,NA,OPTIDX,26009,BANKNIFTY,BANKNIFTY 30 DEC 54200 PUT,OP,NA,35,12/30/2025,54200,PE,5,M,N,N,N,NA
NSE,D,51122,NA,OPTIDX,26009,BANKNIFTY,BANKNIFTY 30 DEC 54300 CALL,OP,NA,35,12/30/2025,54300,CE,5,M,N,N,N,NA
NSE,D,51123,NA,OPTIDX,26009,BANKNIFTY,BANKNIFTY 30 DEC 54300 PUT,OP,NA,35,12/30/2025,54300,PE,5,M,N,N,N,NA
NSE,D,51124,NA,OPTIDX,26009,BANKNIFTY,BANKNIFTY 30 DEC 54400 CALL,OP,NA,35,12/30/2025,54400,CE,5,M,N,N,N,NA
NSE,D,51125,NA,OPTIDX,26009,BANKNIFTY,BANKNIFTY 30 DEC 54400 PUT,OP,NA,35,12/30/2025,54400,PE,5,M,N,N,N,NA
NSE,D,51126,NA,OPTIDX,26009,BANKNIFTY,BANKNIFTY 30 DEC 54500 CALL,OP,NA,35,12/30/2025,54500,CE,5,M,N,N,N,NA
NSE,D,51127,NA,OPTIDX,26009,BANKNIFTY,BANKNIFTY 30 DEC 54500 PUT,OP,NA,35,12/30/2025,54500,PE,5,M,N,N,N,NA
NSE,D,51132,NA,OPTIDX,26009,BANKNIFTY,BANKNIFTY 30 DEC 54600 CALL,OP,NA,35,12/30/2025,54600,CE,5,M,N,N,N,NA
NSE,D,51133,NA,OPTIDX,26009,BANKNIFTY,BANKNIFTY 30 DEC 54600 PUT,OP,NA,35,12/30/2025,54600,PE,5,M,N,N,N,NA
NSE,D,51134,NA,OPTIDX,26009,BANKNIFTY,BANKNIFTY 30 DEC 54700 CALL,OP,NA,35,12/30/2025,54700,CE,5,M,N,N,N,NA
NSE,D,51135,NA,OPTIDX,26009,BANKNIFTY,BANKNIFTY 30 DEC 54700 PUT,OP,NA,35,12/30/2025,54700,PE,5,M,N,N,N,NA
NSE,D,51136,NA,OPTIDX,26009,BANKNIFTY,BANKNIFTY 30 DEC 54800 CALL,OP,NA,35,12/30/2025,54800,CE,5,M,N,N,N,NA
NSE,D,51137,NA,OPTIDX,26009,BANKNIFTY,BANKNIFTY 30 DEC 54800 PUT,OP,NA,35,12/30/2025,54800,PE,5,M,N,N,N,NA
NSE,D,51138,NA,OPTIDX,26009,BANKNIFTY,BANKNIFTY 30 DEC 54900 CALL,OP,NA,35,12/30/2025,54900,CE,5,M,N,N,N,NA
NSE,D,51139,NA,OPTIDX,26009,BANKNIFTY,BANKNIFTY 30 DEC 54900 PUT,OP,NA,35,12/30/2025,54900,PE,5,M,N,N,N,NA
NSE,D,51142,NA,OPTIDX,26009,BANKNIFTY,BANKNIFTY 30 DEC 55000 CALL,OP,NA,35,12/30/2025,55000,CE,5,M,N,N,N,NA
NSE,D,51143,NA,OPTIDX,26009,BANKNIFTY,BANKNIFTY 30 DEC 55000 PUT,OP,NA,35,12/30/2025,55000,PE,5,M,N,N,N,NA
NSE,D,51146,NA,OPTIDX,26009,BANKNIFTY,BANKNIFTY 30 DEC 55100 CALL,OP,NA,35,12/30/2025,55100,CE,5,M,N,N,N,NA
NSE,D,51147,NA,OPTIDX,26009,BANKNIFTY,BANKNIFTY 30 DEC 55100 PUT,OP,NA,35,12/30/2025,55100,PE,5,M,N,N,N,NA
NSE,D,51152,NA,OPTIDX,26009,BANKNIFTY,BANKNIFTY 30 DEC 55200 CALL,OP,NA,35,12/30/2025,55200,CE,5,M,N,N,N,NA
NSE,D,51153,NA,OPTIDX,26009,BANKNIFTY,BANKNIFTY 30 DEC 55200 PUT,OP,NA,35,12/30/2025,55200,PE,5,M,N,N,N,NA
NSE,D,51154,NA,OPTIDX,26009,BANKNIFTY,BANKNIFTY 30 DEC 55300 CALL,OP,NA,35,12/30/2025,55300,CE,5,M,N,N,N,NA
NSE,D,51155,NA,OPTIDX,26009,BANKNIFTY,BANKNIFTY 30 DEC 55300 PUT,OP,NA,35,12/30/2025,55300,PE,5,M,N,N,N,NA
NSE,D,51162,NA,OPTIDX,26009,BANKNIFTY,BANKNIFTY 30 DEC 55400 CALL,OP,NA,35,12/30/2025,55400,CE,5,M,N,N,N,NA
NSE,D,51163,NA,OPTIDX,26009,BANKNIFTY,BANKNIFTY 30 DEC 55400 PUT,OP,NA,35,12/30/2025,55400,PE,5,M,N,N,N,NA
NSE,D,51164,NA,OPTIDX,26009,BANKNIFTY,BANKNIFTY 30 DEC 55600 CALL,OP,NA,35,12/30/2025,55600,CE,5,M,N,N,N,NA
NSE,D,51165,NA,OPTIDX,26009,BANKNIFTY,BANKNIFTY 30 DEC 55600 PUT,OP,NA,35,12/30/2025,55600,PE,5,M,N,N,N,NA
NSE,D,51170,NA,OPTIDX,26009,BANKNIFTY,BANKNIFTY 30 DEC 55700 CALL,OP,NA,35,12/30/2025,55700,CE,5,M,N,N,N,NA
NSE,D,51171,NA,OPTIDX,26009,BANKNIFTY,BANKNIFTY 30 DEC 55700 PUT,OP,NA,35,12/30/2025,55700,PE,5,M,N,N,N,NA
NSE,D,51176,NA,OPTIDX,26009,BANKNIFTY,BANKNIFTY 30 DEC 55800 CALL,OP,NA,35,12/30/2025,55800,CE,5,M,N,N,N,NA
NSE,D,51177,NA,OPTIDX,26009,BANKNIFTY,BANKNIFTY 30 DEC 55800 PUT,OP,NA,35,12/30/2025,55800,PE,5,M,N,N,N,NA
NSE,D,51190,NA,OPTIDX,26009,BANKNIFTY,BANKNIFTY 30 DEC 55900 CALL,OP,NA,35,12/30/2025,55900,CE,5,M,N,N,N,NA
NSE,D,51191,NA,OPTIDX,26009,BANKNIFTY,BANKNIFTY 30 DEC 55900 PUT,OP,NA,35,12/30/2025,55900,PE,5,M,N,N,N,NA
NSE,D,51212,NA,OPTIDX,26009,BANKNIFTY,BANKNIFTY 30 DEC 56000 CALL,OP,NA,35,12/30/2025,56000,CE,5,M,N,N,N,NA
NSE,D,51213,NA,OPTIDX,26009,BANKNIFTY,BANKNIFTY 30 DEC 56000 PUT,OP,NA,35,12/30/2025,56000,PE,5,M,N,N,N,NA
NSE,D,51214,NA,OPTIDX,26009,BANKNIFTY,BANKNIFTY 30 DEC 56100 CALL,OP,NA,35,12/30/2025,56100,CE,5,M,N,N,N,NA
NSE,D,51215,NA,OPTIDX,26009,BANKNIFTY,BANKNIFTY 30 DEC 56100 PUT,OP,NA,35,12/30/2025,56100,PE,5,M,N,N,N,NA
NSE,D,51216,NA,OPTIDX,26009,BANKNIFTY,BANKNIFTY 30 DEC 56200 CALL,OP,NA,35,12/30/2025,56200,CE,5,M,N,N,N,NA
NSE,D,51217,NA,OPTIDX,26009,BANKNIFTY,BANKNIFTY 30 DEC 56200 PUT,OP,NA,35,12/30/2025,56200,PE,5,M,N,N,N,NA
NSE,D,51220,NA,OPTIDX,26009,BANKNIFTY,BANKNIFTY 30 DEC 56300 CALL,OP,NA,35,12/30/2025,56300,CE,5,M,N,N,N,NA
NSE,D,51221,NA,OPTIDX,26009,BANKNIFTY,BANKNIFTY 30 DEC 56300 PUT,OP,NA,35,12/30/2025,56300,PE,5,M,N,N,N,NA
NSE,D,51222,NA,OPTIDX,26009,BANKNIFTY,BANKNIFTY 30 DEC 56400 CALL,OP,NA,35,12/30/2025,56400,CE,5,M,N,N,N,NA
NSE,D,51223,NA,OPTIDX,26009,BANKNIFTY,BANKNIFTY 30 DEC 56400 PUT,OP,NA,35,12/30/2025,56400,PE,5,M,N,N,N,NA
NSE,D,51224,NA,OPTIDX,26009,BANKNIFTY,BANKNIFTY 30 DEC 56500 CALL,OP,NA,35,12/30/2025,56500,CE,5,M,N,N,N,NA
NSE,D,51225,NA,OPTIDX,26009,BANKNIFTY,BANKNIFTY 30 DEC 56500 PUT,OP,NA,35,12/30/2025,56500,PE,5,M,N,N,N,NA
NSE,D,51238,NA,OPTIDX,26009,BANKNIFTY,BANKNIFTY 30 DEC 56600 CALL,OP,NA,35,12/30/2025,56600,CE,5,M,N,N,N,NA
NSE,D,51239,NA,OPTIDX,26009,BANKNIFTY,BANKNIFTY 30 DEC 56600 PUT,OP,NA,35,12/30/2025,56600,PE,5,M,N,N,N,NA
NSE,D,51240,NA,OPTIDX,26009,BANKNIFTY,BANKNIFTY 30 DEC 56700 CALL,OP,NA,35,12/30/2025,56700,CE,5,M,N,N,N,NA
NSE,D,51241,NA,OPTIDX,26009,BANKNIFTY,BANKNIFTY 30 DEC 56700 PUT,OP,NA,35,12/30/2025,56700,PE,5,M,N,N,N,NA
NSE,D,51266,NA,OPTIDX,26009,BANKNIFTY,BANKNIFTY 30 DEC 56800 CALL,OP,NA,35,12/30/2025,56800,CE,5,M,N,N,N,NA
NSE,D,51267,NA,OPTIDX,26009,BANKNIFTY,BANKNIFTY 30 DEC 56800 PUT,OP,NA,35,12/30/2025,56800,PE,5,M,N,N,N,NA
NSE,D,51276,NA,OPTIDX,26009,BANKNIFTY,BANKNIFTY 30 DEC 56900 CALL,OP,NA,35,12/30/2025,56900,CE,5,M,N,N,N,NA
NSE,D,51277,NA,OPTIDX,26009,BANKNIFTY,BANKNIFTY 30 DEC 56900 PUT,OP,NA,35,12/30/2025,56900,PE,5,M,N,N,N,NA
NSE,D,51278,NA,OPTIDX,26009,BANKNIFTY,BANKNIFTY 30 DEC 57100 CALL,OP,NA,35,12/30/2025,57100,CE,5,M,N,N,N,NA
NSE,D,51279,NA,OPTIDX,26009,BANKNIFTY,BANKNIFTY 30 DEC 57100 PUT,OP,NA,35,12/30/2025,57100,PE,5,M,N,N,N,NA
NSE,D,51280,NA,OPTIDX,26009,BANKNIFTY,BANKNIFTY 30 DEC 57200 CALL,OP,NA,35,12/30/2025,57200,CE,5,M,N,N,N,NA
NSE,D,51281,NA,OPTIDX,26009,BANKNIFTY,BANKNIFTY 30 DEC 57200 PUT,OP,NA,35,12/30/2025,57200,PE,5,M,N,N,N,NA
NSE,D,51282,NA,OPTIDX,26009,BANKNIFTY,BANKNIFTY 30 DEC 57300 CALL,OP,NA,35,12/30/2025,57300,CE,5,M,N,N,N,NA
NSE,D,51283,NA,OPTIDX,26009,BANKNIFTY,BANKNIFTY 30 DEC 57300 PUT,OP,NA,35,12/30/2025,57300,PE,5,M,N,N,N,NA
NSE,D,51294,NA,OPTIDX,26009,BANKNIFTY,BANKNIFTY 30 DEC 57400 CALL,OP,NA,35,12/30/2025,57400,CE,5,M,N,N,N,NA
NSE,D,51295,NA,OPTIDX,26009,BANKNIFTY,BANKNIFTY 30 DEC 57400 PUT,OP,NA,35,12/30/2025,57400,PE,5,M,N,N,N,NA
NSE,D,51302,NA,OPTIDX,26009,BANKNIFTY,BANKNIFTY 30 DEC 57500 CALL,OP,NA,35,12/30/2025,57500,CE,5,M,N,N,N,NA
NSE,D,51303,NA,OPTIDX,26009,BANKNIFTY,BANKNIFTY 30 DEC 57500 PUT,OP,NA,35,12/30/2025,57500,PE,5,M,N,N,N,NA
NSE,D,51310,NA,OPTIDX,26009,BANKNIFTY,BANKNIFTY 30 DEC 57600 CALL,OP,NA,35,12/30/2025,57600,CE,5,M,N,N,N,NA
NSE,D,51311,NA,OPTIDX,26009,BANKNIFTY,BANKNIFTY 30 DEC 57600 PUT,OP,NA,35,12/30/2025,57600,PE,5,M,N,N,N,NA
NSE,D,51318,NA,OPTIDX,26009,BANKNIFTY,BANKNIFTY 30 DEC 57700 CALL,OP,NA,35,12/30/2025,57700,CE,5,M,N,N,N,NA
NSE,D,51319,NA,OPTIDX,26009,BANKNIFTY,BANKNIFTY 30 DEC 57700 PUT,OP,NA,35,12/30/2025,57700,PE,5,M,N,N,N,NA
NSE,D,51320,NA,OPTIDX,26009,BANKNIFTY,BANKNIFTY 30 DEC 57800 CALL,OP,NA,35,12/30/2025,57800,CE,5,M,N,N,N,NA
NSE,D,51321,NA,OPTIDX,26009,BANKNIFTY,BANKNIFTY 30 DEC 57800 PUT,OP,NA,35,12/30/2025,57800,PE,5,M,N,N,N,NA
NSE,D,51322,NA,OPTIDX,26009,BANKNIFTY,BANKNIFTY 30 DEC 57900 CALL,OP,NA,35,12/30/2025,57900,CE,5,M,N,N,N,NA
NSE,D,51323,NA,OPTIDX,26009,BANKNIFTY,BANKNIFTY 30 DEC 57900 PUT,OP,NA,35,12/30/2025,57900,PE,5,M,N,N,N,NA
NSE,D,51352,NA,OPTIDX,26009,BANKNIFTY,BANKNIFTY 30 DEC 58000 CALL,OP,NA,35,12/30/2025,58000,CE,5,M,N,N,N,NA
NSE,D,51353,NA,OPTIDX,26009,BANKNIFTY,BANKNIFTY 30 DEC 58000 PUT,OP,NA,35,12/30/2025,58000,PE,5,M,N,N,N,NA
NSE,D,51354,NA,OPTIDX,26009,BANKNIFTY,BANKNIFTY 30 DEC 58100 CALL,OP,NA,35,12/30/2025,58100,CE,5,M,N,N,N,NA
NSE,D,51355,NA,OPTIDX,26009,BANKNIFTY,BANKNIFTY 30 DEC 58100 PUT,OP,NA,35,12/30/2025,58100,PE,5,M,N,N,N,NA
NSE,D,51356,NA,OPTIDX,26009,BANKNIFTY,BANKNIFTY 30 DEC 58200 CALL,OP,NA,35,12/30/2025,58200,CE,5,M,N,N,N,NA
NSE,D,51357,NA,OPTIDX,26009,BANKNIFTY,BANKNIFTY 30 DEC 58200 PUT,OP,NA,35,12/30/2025,58200,PE,5,M,N,N,N,NA
NSE,D,51370,NA,OPTIDX,26009,BANKNIFTY,BANKNIFTY 30 DEC 58300 CALL,OP,NA,35,12/30/2025,58300,CE,5,M,N,N,N,NA
NSE,D,51371,NA,OPTIDX,26009,BANKNIFTY,BANKNIFTY 30 DEC 58300 PUT,OP,NA,35,12/30/2025,58300,PE,5,M,N,N,N,NA
NSE,D,51374,NA,OPTIDX,26009,BANKNIFTY,BANKNIFTY 30 DEC 58400 CALL,OP,NA,35,12/30/2025,58400,CE,5,M,N,N,N,NA
NSE,D,51375,NA,OPTIDX,26009,BANKNIFTY,BANKNIFTY 30 DEC 58400 PUT,OP,NA,35,12/30/2025,58400,PE,5,M,N,N,N,NA
NSE,D,51388,NA,OPTIDX,26009,BANKNIFTY,BANKNIFTY 30 DEC 58600 CALL,OP,NA,35,12/30/2025,58600,CE,5,M,N,N,N,NA
NSE,D,51389,NA,OPTIDX,26009,BANKNIFTY,BANKNIFTY 30 DEC 58600 PUT,OP,NA,35,12/30/2025,58600,PE,5,M,N,N,N,NA
NSE,D,51395,NA,OPTIDX,26009,BANKNIFTY,BANKNIFTY 30 DEC 58700 CALL,OP,NA,35,12/30/2025,58700,CE,5,M,N,N,N,NA
NSE,D,51396,NA,OPTIDX,26009,BANKNIFTY,BANKNIFTY 30 DEC 58700 PUT,OP,NA,35,12/30/2025,58700,PE,5,M,N,N,N,NA
NSE,D,51397,NA,OPTIDX,26009,BANKNIFTY,BANKNIFTY 30 DEC 58800 CALL,OP,NA,35,12/30/2025,58800,CE,5,M,N,N,N,NA
NSE,D,51398,NA,OPTIDX,26009,BANKNIFTY,BANKNIFTY 30 DEC 58800 PUT,OP,NA,35,12/30/2025,58800,PE,5,M,N,N,N,NA
NSE,D,51412,NA,OPTIDX,26009,BANKNIFTY,BANKNIFTY 30 DEC 58900 CALL,OP,NA,35,12/30/2025,58900,CE,5,M,N,N,N,NA
NSE,D,51413,NA,OPTIDX,26009,BANKNIFTY,BANKNIFTY 30 DEC 58900 PUT,OP,NA,35,12/30/2025,58900,PE,5,M,N,N,N,NA
NSE,D,51414,NA,OPTIDX,26009,BANKNIFTY,BANKNIFTY 30 DEC 59000 CALL,OP,NA,35,12/30/2025,59000,CE,5,M,N,N,N,NA
NSE,D,51415,NA,OPTIDX,26009,BANKNIFTY,BANKNIFTY 30 DEC 59000 PUT,OP,NA,35,12/30/2025,59000,PE,5,M,N,N,N,NA
NSE,D,51416,NA,OPTIDX,26009,BANKNIFTY,BANKNIFTY 30 DEC 59100 CALL,OP,NA,35,12/30/2025,59100,CE,5,M,N,N,N,NA
NSE,D,51417,NA,OPTIDX,26009,BANKNIFTY,BANKNIFTY 30 DEC 59100 PUT,OP,NA,35,12/30/2025,59100,PE,5,M,N,N,N,NA
NSE,D,51420,NA,OPTIDX,26009,BANKNIFTY,BANKNIFTY 30 DEC 59200 CALL,OP,NA,35,12/30/2025,59200,CE,5,M,N,N,N,NA
NSE,D,51421,NA,OPTIDX,26009,BANKNIFTY,BANKNIFTY 30 DEC 59200 PUT,OP,NA,35,12/30/2025,59200,PE,5,M,N,N,N,NA
NSE,D,51439,NA,OPTIDX,26009,BANKNIFTY,BANKNIFTY 30 DEC 59300 CALL,OP,NA,35,12/30/2025,59300,CE,5,M,N,N,N,NA
NSE,D,51440,NA,OPTIDX,26009,BANKNIFTY,BANKNIFTY 30 DEC 59300 PUT,OP,NA,35,12/30/2025,59300,PE,5,M,N,N,N,NA
NSE,D,51460,NA,OPTIDX,26009,BANKNIFTY,BANKNIFTY 30 DEC 59400 CALL,OP,NA,35,12/30/2025,59400,CE,5,M,N,N,N,NA
NSE,D,51461,NA,OPTIDX,26009,BANKNIFTY,BANKNIFTY 30 DEC 59400 PUT,OP,NA,35,12/30/2025,59400,PE,5,M,N,N,N,NA
NSE,D,51475,NA,OPTIDX,26009,BANKNIFTY,BANKNIFTY 30 DEC 59500 CALL,OP,NA,35,12/30/2025,59500,CE,5,M,N,N,N,NA
NSE,D,51476,NA,OPTIDX,26009,BANKNIFTY,BANKNIFTY 30 DEC 59500 PUT,OP,NA,35,12/30/2025,59500,PE,5,M,N,N,N,NA
NSE,D,51493,NA,OPTIDX,26009,BANKNIFTY,BANKNIFTY 30 DEC 59600 CALL,OP,NA,35,12/30/2025,59600,CE,5,M,N,N,N,NA
NSE,D,51498,NA,OPTIDX,26009,BANKNIFTY,BANKNIFTY 30 DEC 59600 PUT,OP,NA,35,12/30/2025,59600,PE,5,M,N,N,N,NA
NSE,D,51499,NA,OPTIDX,26009,BANKNIFTY,BANKNIFTY 30 DEC 59700 CALL,OP,NA,35,12/30/2025,59700,CE,5,M,N,N,N,NA
NSE,D,51500,NA,OPTIDX,26009,BANKNIFTY,BANKNIFTY 30 DEC 59700 PUT,OP,NA,35,12/30/2025,59700,PE,5,M,N,N,N,NA
NSE,D,51501,NA,OPTIDX,26009,BANKNIFTY,BANKNIFTY 30 DEC 59800 CALL,OP,NA,35,12/30/2025,59800,CE,5,M,N,N,N,NA
NSE,D,51502,NA,OPTIDX,26009,BANKNIFTY,BANKNIFTY 30 DEC 59800 PUT,OP,NA,35,12/30/2025,59800,PE,5,M,N,N,N,NA
NSE,D,51507,NA,OPTIDX,26009,BANKNIFTY,BANKNIFTY 30 DEC 59900 CALL,OP,NA,35,12/30/2025,59900,CE,5,M,N,N,N,NA
NSE,D,51510,NA,OPTIDX,26009,BANKNIFTY,BANKNIFTY 30 DEC 59900 PUT,OP,NA,35,12/30/2025,59900,PE,5,M,N,N,N,NA
NSE,D,51513,NA,OPTIDX,26009,BANKNIFTY,BANKNIFTY 30 DEC 60100 CALL,OP,NA,35,12/30/2025,60100,CE,5,M,N,N,N,NA
NSE,D,51514,NA,OPTIDX,26009,BANKNIFTY,BANKNIFTY 30 DEC 60100 PUT,OP,NA,35,12/30/2025,60100,PE,5,M,N,N,N,NA
NSE,D,51523,NA,OPTIDX,26009,BANKNIFTY,BANKNIFTY 30 DEC 60200 CALL,OP,NA,35,12/30/2025,60200,CE,5,M,N,N,N,NA
NSE,D,51524,NA,OPTIDX,26009,BANKNIFTY,BANKNIFTY 30 DEC 60200 PUT,OP,NA,35,12/30/2025,60200,PE,5,M,N,N,N,NA
NSE,D,51525,NA,OPTIDX,26009,BANKNIFTY,BANKNIFTY 30 DEC 60300 CALL,OP,NA,35,12/30/2025,60300,CE,5,M,N,N,N,NA
NSE,D,51526,NA,OPTIDX,26009,BANKNIFTY,BANKNIFTY 30 DEC 60300 PUT,OP,NA,35,12/30/2025,60300,PE,5,M,N,N,N,NA
NSE,D,51531,NA,OPTIDX,26009,BANKNIFTY,BANKNIFTY 30 DEC 60400 CALL,OP,NA,35,12/30/2025,60400,CE,5,M,N,N,N,NA
NSE,D,51534,NA,OPTIDX,26009,BANKNIFTY,BANKNIFTY 30 DEC 60400 PUT,OP,NA,35,12/30/2025,60400,PE,5,M,N,N,N,NA
NSE,D,51543,NA,OPTIDX,26009,BANKNIFTY,BANKNIFTY 30 DEC 60500 CALL,OP,NA,35,12/30/2025,60500,CE,5,M,N,N,N,NA
NSE,D,51544,NA,OPTIDX,26009,BANKNIFTY,BANKNIFTY 30 DEC 60500 PUT,OP,NA,35,12/30/2025,60500,PE,5,M,N,N,N,NA
NSE,D,51545,NA,OPTIDX,26009,BANKNIFTY,BANKNIFTY 30 DEC 60600 CALL,OP,NA,35,12/30/2025,60600,CE,5,M,N,N,N,NA
NSE,D,51546,NA,OPTIDX,26009,BANKNIFTY,BANKNIFTY 30 DEC 60600 PUT,OP,NA,35,12/30/2025,60600,PE,5,M,N,N,N,NA
NSE,D,51551,NA,OPTIDX,26009,BANKNIFTY,BANKNIFTY 30 DEC 60700 CALL,OP,NA,35,12/30/2025,60700,CE,5,M,N,N,N,NA
NSE,D,51552,NA,OPTIDX,26009,BANKNIFTY,BANKNIFTY 30 DEC 60700 PUT,OP,NA,35,12/30/2025,60700,PE,5,M,N,N,N,NA
NSE,D,51559,NA,OPTIDX,26009,BANKNIFTY,BANKNIFTY 30 DEC 60800 CALL,OP,NA,35,12/30/2025,60800,CE,5,M,N,N,N,NA
NSE,D,51560,NA,OPTIDX,26009,BANKNIFTY,BANKNIFTY 30 DEC 60800 PUT,OP,NA,35,12/30/2025,60800,PE,5,M,N,N,N,NA
NSE,D,51561,NA,OPTIDX,26009,BANKNIFTY,BANKNIFTY 30 DEC 60900 CALL,OP,NA,35,12/30/2025,60900,CE,5,M,N,N,N,NA
NSE,D,51562,NA,OPTIDX,26009,BANKNIFTY,BANKNIFTY 30 DEC 60900 PUT,OP,NA,35,12/30/2025,60900,PE,5,M,N,N,N,NA
NSE,D,51568,NA,OPTIDX,26009,BANKNIFTY,BANKNIFTY 30 DEC 61000 CALL,OP,NA,35,12/30/2025,61000,CE,5,M,N,N,N,NA
NSE,D,51569,NA,OPTIDX,26009,BANKNIFTY,BANKNIFTY 30 DEC 61000 PUT,OP,NA,35,12/30/2025,61000,PE,5,M,N,N,N,NA
NSE,D,51579,NA,OPTIDX,26009,BANKNIFTY,BANKNIFTY 30 DEC 61100 CALL,OP,NA,35,12/30/2025,61100,CE,5,M,N,N,N,NA
NSE,D,51580,NA,OPTIDX,26009,BANKNIFTY,BANKNIFTY 30 DEC 61100 PUT,OP,NA,35,12/30/2025,61100,PE,5,M,N,N,N,NA
NSE,D,51581,NA,OPTIDX,26009,BANKNIFTY,BANKNIFTY 30 DEC 61200 CALL,OP,NA,35,12/30/2025,61200,CE,5,M,N,N,N,NA
NSE,D,51582,NA,OPTIDX,26009,BANKNIFTY,BANKNIFTY 30 DEC 61200 PUT,OP,NA,35,12/30/2025,61200,PE,5,M,N,N,N,NA
NSE,D,51583,NA,OPTIDX,26009,BANKNIFTY,BANKNIFTY 30 DEC 61300 CALL,OP,NA,35,12/30/2025,61300,CE,5,M,N,N,N,NA
NSE,D,51584,NA,OPTIDX,26009,BANKNIFTY,BANKNIFTY 30 DEC 61300 PUT,OP,NA,35,12/30/2025,61300,PE,5,M,N,N,N,NA
NSE,D,51585,NA,OPTIDX,26009,BANKNIFTY,BANKNIFTY 30 DEC 61400 CALL,OP,NA,35,12/30/2025,61400,CE,5,M,N,N,N,NA
NSE,D,51586,NA,OPTIDX,26009,BANKNIFTY,BANKNIFTY 30 DEC 61400 PUT,OP,NA,35,12/30/2025,61400,PE,5,M,N,N,N,NA
NSE,D,51587,NA,OPTIDX,26009,BANKNIFTY,BANKNIFTY 30 DEC 61600 CALL,OP,NA,35,12/30/2025,61600,CE,5,M,N,N,N,NA
NSE,D,51588,NA,OPTIDX,26009,BANKNIFTY,BANKNIFTY 30 DEC 61600 PUT,OP,NA,35,12/30/2025,61600,PE,5,M,N,N,N,NA
NSE,D,51589,NA,OPTIDX,26009,BANKNIFTY,BANKNIFTY 30 DEC 61700 CALL,OP,NA,35,12/30/2025,61700,CE,5,M,N,N,N,NA
NSE,D,51590,NA,OPTIDX,26009,BANKNIFTY,BANKNIFTY 30 DEC 61700 PUT,OP,NA,35,12/30/2025,61700,PE,5,M,N,N,N,NA
NSE,D,51596,NA,OPTIDX,26009,BANKNIFTY,BANKNIFTY 30 DEC 61800 CALL,OP,NA,35,12/30/2025,61800,CE,5,M,N,N,N,NA
NSE,D,51597,NA,OPTIDX,26009,BANKNIFTY,BANKNIFTY 30 DEC 61800 PUT,OP,NA,35,12/30/2025,61800,PE,5,M,N,N,N,NA
NSE,D,51599,NA,OPTIDX,26009,BANKNIFTY,BANKNIFTY 30 DEC 61900 CALL,OP,NA,35,12/30/2025,61900,CE,5,M,N,N,N,NA
NSE,D,51600,NA,OPTIDX,26009,BANKNIFTY,BANKNIFTY 30 DEC 61900 PUT,OP,NA,35,12/30/2025,61900,PE,5,M,N,N,N,NA
NSE,D,51605,NA,OPTIDX,26009,BANKNIFTY,BANKNIFTY 30 DEC 62000 CALL,OP,NA,35,12/30/2025,62000,CE,5,M,N,N,N,NA
NSE,D,51606,NA,OPTIDX,26009,BANKNIFTY,BANKNIFTY 30 DEC 62000 PUT,OP,NA,35,12/30/2025,62000,PE,5,M,N,N,N,NA
NSE,D,51612,NA,OPTIDX,26009,BANKNIFTY,BANKNIFTY 30 DEC 62100 CALL,OP,NA,35,12/30/2025,62100,CE,5,M,N,N,N,NA
NSE,D,51613,NA,OPTIDX,26009,BANKNIFTY,BANKNIFTY 30 DEC 62100 PUT,OP,NA,35,12/30/2025,62100,PE,5,M,N,N,N,NA
NSE,D,51615,NA,OPTIDX,26009,BANKNIFTY,BANKNIFTY 30 DEC 62200 CALL,OP,NA,35,12/30/2025,62200,CE,5,M,N,N,N,NA
NSE,D,51616,NA,OPTIDX,26009,BANKNIFTY,BANKNIFTY 30 DEC 62200 PUT,OP,NA,35,12/30/2025,62200,PE,5,M,N,N,N,NA
NSE,D,51626,NA,OPTIDX,26009,BANKNIFTY,BANKNIFTY 30 DEC 62300 CALL,OP,NA,35,12/30/2025,62300,CE,5,M,N,N,N,NA
NSE,D,51627,NA,OPTIDX,26009,BANKNIFTY,BANKNIFTY 30 DEC 62300 PUT,OP,NA,35,12/30/2025,62300,PE,5,M,N,N,N,NA
NSE,D,51650,NA,OPTIDX,26009,BANKNIFTY,BANKNIFTY 30 DEC 62400 CALL,OP,NA,35,12/30/2025,62400,CE,5,M,N,N,N,NA
NSE,D,51651,NA,OPTIDX,26009,BANKNIFTY,BANKNIFTY 30 DEC 62400 PUT,OP,NA,35,12/30/2025,62400,PE,5,M,N,N,N,NA
NSE,D,51664,NA,OPTIDX,26009,BANKNIFTY,BANKNIFTY 30 DEC 62500 CALL,OP,NA,35,12/30/2025,62500,CE,5,M,N,N,N,NA
NSE,D,51667,NA,OPTIDX,26009,BANKNIFTY,BANKNIFTY 30 DEC 62500 PUT,OP,NA,35,12/30/2025,62500,PE,5,M,N,N,N,NA
NSE,D,51683,NA,OPTIDX,26009,BANKNIFTY,BANKNIFTY 30 DEC 62600 CALL,OP,NA,35,12/30/2025,62600,CE,5,M,N,N,N,NA
NSE,D,51692,NA,OPTIDX,26009,BANKNIFTY,BANKNIFTY 30 DEC 62600 PUT,OP,NA,35,12/30/2025,62600,PE,5,M,N,N,N,NA
NSE,D,51693,NA,OPTIDX,26009,BANKNIFTY,BANKNIFTY 30 DEC 62700 CALL,OP,NA,35,12/30/2025,62700,CE,5,M,N,N,N,NA
NSE,D,51694,NA,OPTIDX,26009,BANKNIFTY,BANKNIFTY 30 DEC 62700 PUT,OP,NA,35,12/30/2025,62700,PE,5,M,N,N,N,NA
NSE,D,51695,NA,OPTIDX,26009,BANKNIFTY,BANKNIFTY 30 DEC 62800 CALL,OP,NA,35,12/30/2025,62800,CE,5,M,N,N,N,NA
NSE,D,51698,NA,OPTIDX,26009,BANKNIFTY,BANKNIFTY 30 DEC 62800 PUT,OP,NA,35,12/30/2025,62800,PE,5,M,N,N,N,NA
NSE,D,51699,NA,OPTIDX,26009,BANKNIFTY,BANKNIFTY 30 DEC 62900 CALL,OP,NA,35,12/30/2025,62900,CE,5,M,N,N,N,NA
NSE,D,51702,NA,OPTIDX,26009,BANKNIFTY,BANKNIFTY 30 DEC 62900 PUT,OP,NA,35,12/30/2025,62900,PE,5,M,N,N,N,NA
NSE,D,51703,NA,OPTIDX,26009,BANKNIFTY,BANKNIFTY 30 DEC 63100 CALL,OP,NA,35,12/30/2025,63100,CE,5,M,N,N,N,NA
NSE,D,51704,NA,OPTIDX,26009,BANKNIFTY,BANKNIFTY 30 DEC 63100 PUT,OP,NA,35,12/30/2025,63100,PE,5,M,N,N,N,NA
NSE,D,51705,NA,OPTIDX,26009,BANKNIFTY,BANKNIFTY 30 DEC 63200 CALL,OP,NA,35,12/30/2025,63200,CE,5,M,N,N,N,NA
NSE,D,51706,NA,OPTIDX,26009,BANKNIFTY,BANKNIFTY 30 DEC 63200 PUT,OP,NA,35,12/30/2025,63200,PE,5,M,N,N,N,NA
NSE,D,51707,NA,OPTIDX,26009,BANKNIFTY,BANKNIFTY 30 DEC 63300 CALL,OP,NA,35,12/30/2025,63300,CE,5,M,N,N,N,NA
NSE,D,51708,NA,OPTIDX,26009,BANKNIFTY,BANKNIFTY 30 DEC 63300 PUT,OP,NA,35,12/30/2025,63300,PE,5,M,N,N,N,NA
NSE,D,51709,NA,OPTIDX,26009,BANKNIFTY,BANKNIFTY 30 DEC 63400 CALL,OP,NA,35,12/30/2025,63400,CE,5,M,N,N,N,NA
NSE,D,51710,NA,OPTIDX,26009,BANKNIFTY,BANKNIFTY 30 DEC 63400 PUT,OP,NA,35,12/30/2025,63400,PE,5,M,N,N,N,NA
NSE,D,51711,NA,OPTIDX,26009,BANKNIFTY,BANKNIFTY 30 DEC 63500 CALL,OP,NA,35,12/30/2025,63500,CE,5,M,N,N,N,NA
NSE,D,51716,NA,OPTIDX,26009,BANKNIFTY,BANKNIFTY 30 DEC 63500 PUT,OP,NA,35,12/30/2025,63500,PE,5,M,N,N,N,NA
NSE,D,51717,NA,OPTIDX,26009,BANKNIFTY,BANKNIFTY 30 DEC 63600 CALL,OP,NA,35,12/30/2025,63600,CE,5,M,N,N,N,NA
NSE,D,51718,NA,OPTIDX,26009,BANKNIFTY,BANKNIFTY 30 DEC 63600 PUT,OP,NA,35,12/30/2025,63600,PE,5,M,N,N,N,NA
NSE,D,51719,NA,OPTIDX,26009,BANKNIFTY,BANKNIFTY 30 DEC 63700 CALL,OP,NA,35,12/30/2025,63700,CE,5,M,N,N,N,NA
NSE,D,51720,NA,OPTIDX,26009,BANKNIFTY,BANKNIFTY 30 DEC 63700 PUT,OP,NA,35,12/30/2025,63700,PE,5,M,N,N,N,NA
NSE,D,51721,NA,OPTIDX,26009,BANKNIFTY,BANKNIFTY 30 DEC 63800 CALL,OP,NA,35,12/30/2025,63800,CE,5,M,N,N,N,NA
NSE,D,51726,NA,OPTIDX,26009,BANKNIFTY,BANKNIFTY 30 DEC 63800 PUT,OP,NA,35,12/30/2025,63800,PE,5,M,N,N,N,NA
NSE,D,51727,NA,OPTIDX,26009,BANKNIFTY,BANKNIFTY 30 DEC 63900 CALL,OP,NA,35,12/30/2025,63900,CE,5,M,N,N,N,NA
NSE,D,51730,NA,OPTIDX,26009,BANKNIFTY,BANKNIFTY 30 DEC 63900 PUT,OP,NA,35,12/30/2025,63900,PE,5,M,N,N,N,NA
NSE,D,51731,NA,OPTIDX,26009,BANKNIFTY,BANKNIFTY 30 DEC 64000 CALL,OP,NA,35,12/30/2025,64000,CE,5,M,N,N,N,NA
NSE,D,51732,NA,OPTIDX,26009,BANKNIFTY,BANKNIFTY 30 DEC 64000 PUT,OP,NA,35,12/30/2025,64000,PE,5,M,N,N,N,NA
NSE,D,51733,NA,OPTIDX,26009,BANKNIFTY,BANKNIFTY 30 DEC 64100 CALL,OP,NA,35,12/30/2025,64100,CE,5,M,N,N,N,NA
NSE,D,51738,NA,OPTIDX,26009,BANKNIFTY,BANKNIFTY 30 DEC 64100 PUT,OP,NA,35,12/30/2025,64100,PE,5,M,N,N,N,NA
NSE,D,51739,NA,OPTIDX,26009,BANKNIFTY,BANKNIFTY 30 DEC 64200 CALL,OP,NA,35,12/30/2025,64200,CE,5,M,N,N,N,NA
NSE,D,51740,NA,OPTIDX,26009,BANKNIFTY,BANKNIFTY 30 DEC 64200 PUT,OP,NA,35,12/30/2025,64200,PE,5,M,N,N,N,NA
NSE,D,51741,NA,OPTIDX,26009,BANKNIFTY,BANKNIFTY 30 DEC 64300 CALL,OP,NA,35,12/30/2025,64300,CE,5,M,N,N,N,NA
NSE,D,51742,NA,OPTIDX,26009,BANKNIFTY,BANKNIFTY 30 DEC 64300 PUT,OP,NA,35,12/30/2025,64300,PE,5,M,N,N,N,NA
NSE,D,51743,NA,OPTIDX,26009,BANKNIFTY,BANKNIFTY 30 DEC 64400 CALL,OP,NA,35,12/30/2025,64400,CE,5,M,N,N,N,NA
NSE,D,51744,NA,OPTIDX,26009,BANKNIFTY,BANKNIFTY 30 DEC 64400 PUT,OP,NA,35,12/30/2025,64400,PE,5,M,N,N,N,NA
NSE,D,51745,NA,OPTIDX,26009,BANKNIFTY,BANKNIFTY 30 DEC 64600 CALL,OP,NA,35,12/30/2025,64600,CE,5,M,N,N,N,NA
NSE,D,51746,NA,OPTIDX,26009,BANKNIFTY,BANKNIFTY 30 DEC 64600 PUT,OP,NA,35,12/30/2025,64600,PE,5,M,N,N,N,NA
NSE,D,51749,NA,OPTIDX,26009,BANKNIFTY,BANKNIFTY 30 DEC 64700 CALL,OP,NA,35,12/30/2025,64700,CE,5,M,N,N,N,NA
NSE,D,51750,NA,OPTIDX,26009,BANKNIFTY,BANKNIFTY 30 DEC 64700 PUT,OP,NA,35,12/30/2025,64700,PE,5,M,N,N,N,NA
NSE,D,51751,NA,OPTIDX,26009,BANKNIFTY,BANKNIFTY 30 DEC 64800 CALL,OP,NA,35,12/30/2025,64800,CE,5,M,N,N,N,NA
NSE,D,51752,NA,OPTIDX,26009,BANKNIFTY,BANKNIFTY 30 DEC 64800 PUT,OP,NA,35,12/30/2025,64800,PE,5,M,N,N,N,NA
NSE,D,51753,NA,OPTIDX,26009,BANKNIFTY,BANKNIFTY 30 DEC 64900 CALL,OP,NA,35,12/30/2025,64900,CE,5,M,N,N,N,NA
NSE,D,51754,NA,OPTIDX,26009,BANKNIFTY,BANKNIFTY 30 DEC 64900 PUT,OP,NA,35,12/30/2025,64900,PE,5,M,N,N,N,NA
NSE,D,51755,NA,OPTIDX,26009,BANKNIFTY,BANKNIFTY 30 DEC 65000 CALL,OP,NA,35,12/30/2025,65000,CE,5,M,N,N,N,NA
NSE,D,51758,NA,OPTIDX,26009,BANKNIFTY,BANKNIFTY 30 DEC 65000 PUT,OP,NA,35,12/30/2025,65000,PE,5,M,N,N,N,NA
NSE,D,51759,NA,OPTIDX,26009,BANKNIFTY,BANKNIFTY 30 DEC 65100 CALL,OP,NA,35,12/30/2025,65100,CE,5,M,N,N,N,NA
NSE,D,51760,NA,OPTIDX,26009,BANKNIFTY,BANKNIFTY 30 DEC 65100 PUT,OP,NA,35,12/30/2025,65100,PE,5,M,N,N,N,NA
NSE,D,51761,NA,OPTIDX,26009,BANKNIFTY,BANKNIFTY 30 DEC 65200 CALL,OP,NA,35,12/30/2025,65200,CE,5,M,N,N,N,NA
NSE,D,51762,NA,OPTIDX,26009,BANKNIFTY,BANKNIFTY 30 DEC 65200 PUT,OP,NA,35,12/30/2025,65200,PE,5,M,N,N,N,NA
NSE,D,51763,NA,OPTIDX,26009,BANKNIFTY,BANKNIFTY 30 DEC 65300 CALL,OP,NA,35,12/30/2025,65300,CE,5,M,N,N,N,NA
NSE,D,51764,NA,OPTIDX,26009,BANKNIFTY,BANKNIFTY 30 DEC 65300 PUT,OP,NA,35,12/30/2025,65300,PE,5,M,N,N,N,NA
NSE,D,51765,NA,OPTIDX,26009,BANKNIFTY,BANKNIFTY 30 DEC 65400 CALL,OP,NA,35,12/30/2025,65400,CE,5,M,N,N,N,NA
NSE,D,51766,NA,OPTIDX,26009,BANKNIFTY,BANKNIFTY 30 DEC 65400 PUT,OP,NA,35,12/30/2025,65400,PE,5,M,N,N,N,NA
NSE,D,51767,NA,OPTIDX,26009,BANKNIFTY,BANKNIFTY 30 DEC 65500 CALL,OP,NA,35,12/30/2025,65500,CE,5,M,N,N,N,NA
NSE,D,51768,NA,OPTIDX,26009,BANKNIFTY,BANKNIFTY 30 DEC 65500 PUT,OP,NA,35,12/30/2025,65500,PE,5,M,N,N,N,NA
NSE,D,51769,NA,OPTIDX,26009,BANKNIFTY,BANKNIFTY 30 DEC 65600 CALL,OP,NA,35,12/30/2025,65600,CE,5,M,N,N,N,NA
NSE,D,51770,NA,OPTIDX,26009,BANKNIFTY,BANKNIFTY 30 DEC 65600 PUT,OP,NA,35,12/30/2025,65600,PE,5,M,N,N,N,NA
NSE,D,51771,NA,OPTIDX,26009,BANKNIFTY,BANKNIFTY 30 DEC 65700 CALL,OP,NA,35,12/30/2025,65700,CE,5,M,N,N,N,NA
NSE,D,51772,NA,OPTIDX,26009,BANKNIFTY,BANKNIFTY 30 DEC 65700 PUT,OP,NA,35,12/30/2025,65700,PE,5,M,N,N,N,NA
NSE,D,51811,NA,OPTIDX,26009,BANKNIFTY,BANKNIFTY 30 DEC 65800 CALL,OP,NA,35,12/30/2025,65800,CE,5,M,N,N,N,NA
NSE,D,51812,NA,OPTIDX,26009,BANKNIFTY,BANKNIFTY 30 DEC 65800 PUT,OP,NA,35,12/30/2025,65800,PE,5,M,N,N,N,NA
NSE,D,51833,NA,OPTIDX,26009,BANKNIFTY,BANKNIFTY 30 DEC 65900 CALL,OP,NA,35,12/30/2025,65900,CE,5,M,N,N,N,NA
NSE,D,51834,NA,OPTIDX,26009,BANKNIFTY,BANKNIFTY 30 DEC 65900 PUT,OP,NA,35,12/30/2025,65900,PE,5,M,N,N,N,NA
NSE,D,51839,NA,OPTIDX,26009,BANKNIFTY,BANKNIFTY 30 DEC 66100 CALL,OP,NA,35,12/30/2025,66100,CE,5,M,N,N,N,NA
NSE,D,51840,NA,OPTIDX,26009,BANKNIFTY,BANKNIFTY 30 DEC 66100 PUT,OP,NA,35,12/30/2025,66100,PE,5,M,N,N,N,NA
NSE,D,51841,NA,OPTIDX,26009,BANKNIFTY,BANKNIFTY 30 DEC 66200 CALL,OP,NA,35,12/30/2025,66200,CE,5,M,N,N,N,NA
NSE,D,51842,NA,OPTIDX,26009,BANKNIFTY,BANKNIFTY 30 DEC 66200 PUT,OP,NA,35,12/30/2025,66200,PE,5,M,N,N,N,NA
NSE,D,51845,NA,OPTIDX,26009,BANKNIFTY,BANKNIFTY 30 DEC 66300 CALL,OP,NA,35,12/30/2025,66300,CE,5,M,N,N,N,NA
NSE,D,51846,NA,OPTIDX,26009,BANKNIFTY,BANKNIFTY 30 DEC 66300 PUT,OP,NA,35,12/30/2025,66300,PE,5,M,N,N,N,NA
NSE,D,51851,NA,OPTIDX,26009,BANKNIFTY,BANKNIFTY 30 DEC 66400 CALL,OP,NA,35,12/30/2025,66400,CE,5,M,N,N,N,NA
NSE,D,51854,NA,OPTIDX,26009,BANKNIFTY,BANKNIFTY 30 DEC 66400 PUT,OP,NA,35,12/30/2025,66400,PE,5,M,N,N,N,NA
NSE,D,51855,NA,OPTIDX,26009,BANKNIFTY,BANKNIFTY 30 DEC 66500 CALL,OP,NA,35,12/30/2025,66500,CE,5,M,N,N,N,NA
NSE,D,51856,NA,OPTIDX,26009,BANKNIFTY,BANKNIFTY 30 DEC 66500 PUT,OP,NA,35,12/30/2025,66500,PE,5,M,N,N,N,NA
NSE,D,51863,NA,OPTIDX,26009,BANKNIFTY,BANKNIFTY 30 DEC 66600 CALL,OP,NA,35,12/30/2025,66600,CE,5,M,N,N,N,NA
NSE,D,51864,NA,OPTIDX,26009,BANKNIFTY,BANKNIFTY 30 DEC 66600 PUT,OP,NA,35,12/30/2025,66600,PE,5,M,N,N,N,NA
NSE,D,51869,NA,OPTIDX,26009,BANKNIFTY,BANKNIFTY 30 DEC 66700 CALL,OP,NA,35,12/30/2025,66700,CE,5,M,N,N,N,NA
NSE,D,51870,NA,OPTIDX,26009,BANKNIFTY,BANKNIFTY 30 DEC 66700 PUT,OP,NA,35,12/30/2025,66700,PE,5,M,N,N,N,NA
NSE,D,51889,NA,OPTIDX,26009,BANKNIFTY,BANKNIFTY 30 DEC 66800 CALL,OP,NA,35,12/30/2025,66800,CE,5,M,N,N,N,NA
NSE,D,51890,NA,OPTIDX,26009,BANKNIFTY,BANKNIFTY 30 DEC 66800 PUT,OP,NA,35,12/30/2025,66800,PE,5,M,N,N,N,NA
NSE,D,51895,NA,OPTIDX,26009,BANKNIFTY,BANKNIFTY 30 DEC 66900 CALL,OP,NA,35,12/30/2025,66900,CE,5,M,N,N,N,NA
NSE,D,51896,NA,OPTIDX,26009,BANKNIFTY,BANKNIFTY 30 DEC 66900 PUT,OP,NA,35,12/30/2025,66900,PE,5,M,N,N,N,NA
NSE,D,51897,NA,OPTIDX,26009,BANKNIFTY,BANKNIFTY 30 DEC 67000 CALL,OP,NA,35,12/30/2025,67000,CE,5,M,N,N,N,NA
NSE,D,51898,NA,OPTIDX,26009,BANKNIFTY,BANKNIFTY 30 DEC 67000 PUT,OP,NA,35,12/30/2025,67000,PE,5,M,N,N,N,NA
NSE,D,51905,NA,OPTIDX,26009,BANKNIFTY,BANKNIFTY 30 DEC 67100 CALL,OP,NA,35,12/30/2025,67100,CE,5,M,N,N,N,NA
NSE,D,51906,NA,OPTIDX,26009,BANKNIFTY,BANKNIFTY 30 DEC 67100 PUT,OP,NA,35,12/30/2025,67100,PE,5,M,N,N,N,NA
NSE,D,51907,NA,OPTIDX,26009,BANKNIFTY,BANKNIFTY 30 DEC 67200 CALL,OP,NA,35,12/30/2025,67200,CE,5,M,N,N,N,NA
NSE,D,51908,NA,OPTIDX,26009,BANKNIFTY,BANKNIFTY 30 DEC 67200 PUT,OP,NA,35,12/30/2025,67200,PE,5,M,N,N,N,NA
NSE,D,51921,NA,OPTIDX,26009,BANKNIFTY,BANKNIFTY 30 DEC 67300 CALL,OP,NA,35,12/30/2025,67300,CE,5,M,N,N,N,NA
NSE,D,51924,NA,OPTIDX,26009,BANKNIFTY,BANKNIFTY 30 DEC 67300 PUT,OP,NA,35,12/30/2025,67300,PE,5,M,N,N,N,NA
NSE,D,51925,NA,OPTIDX,26009,BANKNIFTY,BANKNIFTY 30 DEC 67400 CALL,OP,NA,35,12/30/2025,67400,CE,5,M,N,N,N,NA
NSE,D,51926,NA,OPTIDX,26009,BANKNIFTY,BANKNIFTY 30 DEC 67400 PUT,OP,NA,35,12/30/2025,67400,PE,5,M,N,N,N,NA
NSE,D,51931,NA,OPTIDX,26009,BANKNIFTY,BANKNIFTY 30 DEC 67600 CALL,OP,NA,35,12/30/2025,67600,CE,5,M,N,N,N,NA
NSE,D,51932,NA,OPTIDX,26009,BANKNIFTY,BANKNIFTY 30 DEC 67600 PUT,OP,NA,35,12/30/2025,67600,PE,5,M,N,N,N,NA
NSE,D,51937,NA,OPTIDX,26009,BANKNIFTY,BANKNIFTY 30 DEC 67700 CALL,OP,NA,35,12/30/2025,67700,CE,5,M,N,N,N,NA
NSE,D,51938,NA,OPTIDX,26009,BANKNIFTY,BANKNIFTY 30 DEC 67700 PUT,OP,NA,35,12/30/2025,67700,PE,5,M,N,N,N,NA
NSE,D,51941,NA,OPTIDX,26009,BANKNIFTY,BANKNIFTY 30 DEC 67800 CALL,OP,NA,35,12/30/2025,67800,CE,5,M,N,N,N,NA
NSE,D,51942,NA,OPTIDX,26009,BANKNIFTY,BANKNIFTY 30 DEC 67800 PUT,OP,NA,35,12/30/2025,67800,PE,5,M,N,N,N,NA
NSE,D,51959,NA,OPTIDX,26009,BANKNIFTY,BANKNIFTY 30 DEC 67900 CALL,OP,NA,35,12/30/2025,67900,CE,5,M,N,N,N,NA
NSE,D,51960,NA,OPTIDX,26009,BANKNIFTY,BANKNIFTY 30 DEC 67900 PUT,OP,NA,35,12/30/2025,67900,PE,5,M,N,N,N,NA
NSE,D,51965,NA,OPTIDX,26009,BANKNIFTY,BANKNIFTY 30 DEC 68000 CALL,OP,NA,35,12/30/2025,68000,CE,5,M,N,N,N,NA
NSE,D,51970,NA,OPTIDX,26009,BANKNIFTY,BANKNIFTY 30 DEC 68000 PUT,OP,NA,35,12/30/2025,68000,PE,5,M,N,N,N,NA
NSE,D,52041,NA,OPTIDX,26009,BANKNIFTY,BANKNIFTY 30 DEC 68100 CALL,OP,NA,35,12/30/2025,68100,CE,5,M,N,N,N,NA
NSE,D,52042,NA,OPTIDX,26009,BANKNIFTY,BANKNIFTY 30 DEC 68100 PUT,OP,NA,35,12/30/2025,68100,PE,5,M,N,N,N,NA
NSE,D,52075,NA,OPTIDX,26009,BANKNIFTY,BANKNIFTY 30 DEC 68200 CALL,OP,NA,35,12/30/2025,68200,CE,5,M,N,N,N,NA
NSE,D,52076,NA,OPTIDX,26009,BANKNIFTY,BANKNIFTY 30 DEC 68200 PUT,OP,NA,35,12/30/2025,68200,PE,5,M,N,N,N,NA
NSE,D,52077,NA,OPTIDX,26009,BANKNIFTY,BANKNIFTY 30 DEC 68300 CALL,OP,NA,35,12/30/2025,68300,CE,5,M,N,N,N,NA
NSE,D,52078,NA,OPTIDX,26009,BANKNIFTY,BANKNIFTY 30 DEC 68300 PUT,OP,NA,35,12/30/2025,68300,PE,5,M,N,N,N,NA
NSE,D,52079,NA,OPTIDX,26009,BANKNIFTY,BANKNIFTY 30 DEC 68400 CALL,OP,NA,35,12/30/2025,68400,CE,5,M,N,N,N,NA
NSE,D,52080,NA,OPTIDX,26009,BANKNIFTY,BANKNIFTY 30 DEC 68400 PUT,OP,NA,35,12/30/2025,68400,PE,5,M,N,N,N,NA
NSE,D,52081,NA,OPTIDX,26009,BANKNIFTY,BANKNIFTY 30 DEC 68500 CALL,OP,NA,35,12/30/2025,68500,CE,5,M,N,N,N,NA
NSE,D,52082,NA,OPTIDX,26009,BANKNIFTY,BANKNIFTY 30 DEC 68500 PUT,OP,NA,35,12/30/2025,68500,PE,5,M,N,N,N,NA
NSE,D,52083,NA,OPTIDX,26009,BANKNIFTY,BANKNIFTY 30 DEC 68600 CALL,OP,NA,35,12/30/2025,68600,CE,5,M,N,N,N,NA
NSE,D,52084,NA,OPTIDX,26009,BANKNIFTY,BANKNIFTY 30 DEC 68600 PUT,OP,NA,35,12/30/2025,68600,PE,5,M,N,N,N,NA
NSE,D,52085,NA,OPTIDX,26009,BANKNIFTY,BANKNIFTY 30 DEC 68700 CALL,OP,NA,35,12/30/2025,68700,CE,5,M,N,N,N,NA
NSE,D,52086,NA,OPTIDX,26009,BANKNIFTY,BANKNIFTY 30 DEC 68700 PUT,OP,NA,35,12/30/2025,68700,PE,5,M,N,N,N,NA
NSE,D,52087,NA,OPTIDX,26009,BANKNIFTY,BANKNIFTY 30 DEC 68800 CALL,OP,NA,35,12/30/2025,68800,CE,5,M,N,N,N,NA
NSE,D,52088,NA,OPTIDX,26009,BANKNIFTY,BANKNIFTY 30 DEC 68800 PUT,OP,NA,35,12/30/2025,68800,PE,5,M,N,N,N,NA
NSE,D,52097,NA,OPTIDX,26009,BANKNIFTY,BANKNIFTY 30 DEC 68900 CALL,OP,NA,35,12/30/2025,68900,CE,5,M,N,N,N,NA
NSE,D,52104,NA,OPTIDX,26009,BANKNIFTY,BANKNIFTY 30 DEC 68900 PUT,OP,NA,35,12/30/2025,68900,PE,5,M,N,N,N,NA
NSE,D,52111,NA,OPTIDX,26009,BANKNIFTY,BANKNIFTY 30 DEC 69100 CALL,OP,NA,35,12/30/2025,69100,CE,5,M,N,N,N,NA
NSE,D,52138,NA,OPTIDX,26009,BANKNIFTY,BANKNIFTY 30 DEC 69100 PUT,OP,NA,35,12/30/2025,69100,PE,5,M,N,N,N,NA
NSE,D,52194,NA,OPTIDX,26009,BANKNIFTY,BANKNIFTY 30 DEC 69200 CALL,OP,NA,35,12/30/2025,69200,CE,5,M,N,N,N,NA
NSE,D,52195,NA,OPTIDX,26009,BANKNIFTY,BANKNIFTY 30 DEC 69200 PUT,OP,NA,35,12/30/2025,69200,PE,5,M,N,N,N,NA
NSE,D,52196,NA,OPTIDX,26009,BANKNIFTY,BANKNIFTY 30 DEC 69300 CALL,OP,NA,35,12/30/2025,69300,CE,5,M,N,N,N,NA
NSE,D,52197,NA,OPTIDX,26009,BANKNIFTY,BANKNIFTY 30 DEC 69300 PUT,OP,NA,35,12/30/2025,69300,PE,5,M,N,N,N,NA
NSE,D,52198,NA,OPTIDX,26009,BANKNIFTY,BANKNIFTY 30 DEC 69400 CALL,OP,NA,35,12/30/2025,69400,CE,5,M,N,N,N,NA
NSE,D,52199,NA,OPTIDX,26009,BANKNIFTY,BANKNIFTY 30 DEC 69400 PUT,OP,NA,35,12/30/2025,69400,PE,5,M,N,N,N,NA
NSE,D,52202,NA,OPTIDX,26009,BANKNIFTY,BANKNIFTY 30 DEC 69500 CALL,OP,NA,35,12/30/2025,69500,CE,5,M,N,N,N,NA
NSE,D,52203,NA,OPTIDX,26009,BANKNIFTY,BANKNIFTY 30 DEC 69500 PUT,OP,NA,35,12/30/2025,69500,PE,5,M,N,N,N,NA
NSE,D,52204,NA,OPTIDX,26009,BANKNIFTY,BANKNIFTY 30 DEC 69600 CALL,OP,NA,35,12/30/2025,69600,CE,5,M,N,N,N,NA
NSE,D,52205,NA,OPTIDX,26009,BANKNIFTY,BANKNIFTY 30 DEC 69600 PUT,OP,NA,35,12/30/2025,69600,PE,5,M,N,N,N,NA
NSE,D,52206,NA,OPTIDX,26009,BANKNIFTY,BANKNIFTY 30 DEC 70000 CALL,OP,NA,35,12/30/2025,70000,CE,5,M,N,N,N,NA
NSE,D,52207,NA,OPTIDX,26009,BANKNIFTY,BANKNIFTY 30 DEC 70000 PUT,OP,NA,35,12/30/2025,70000,PE,5,M,N,N,N,NA
NSE,D,52208,NA,OPTIDX,26009,BANKNIFTY,BANKNIFTY 30 DEC 71000 CALL,OP,NA,35,12/30/2025,71000,CE,5,M,N,N,N,NA
NSE,D,52209,NA,OPTIDX,26009,BANKNIFTY,BANKNIFTY 30 DEC 71000 PUT,OP,NA,35,12/30/2025,71000,PE,5,M,N,N,N,NA
NSE,D,52210,NA,OPTIDX,26009,BANKNIFTY,BANKNIFTY 30 DEC 71500 CALL,OP,NA,35,12/30/2025,71500,CE,5,M,N,N,N,NA
NSE,D,52211,NA,OPTIDX,26009,BANKNIFTY,BANKNIFTY 30 DEC 71500 PUT,OP,NA,35,12/30/2025,71500,PE,5,M,N,N,N,NA
NSE,D,52212,NA,OPTIDX,26009,BANKNIFTY,BANKNIFTY 30 DEC 72500 CALL,OP,NA,35,12/30/2025,72500,CE,5,M,N,N,N,NA
NSE,D,52213,NA,OPTIDX,26009,BANKNIFTY,BANKNIFTY 30 DEC 72500 PUT,OP,NA,35,12/30/2025,72500,PE,5,M,N,N,N,NA
NSE,D,52220,NA,OPTIDX,26009,BANKNIFTY,BANKNIFTY 30 DEC 73000 CALL,OP,NA,35,12/30/2025,73000,CE,5,M,N,N,N,NA
NSE,D,52221,NA,OPTIDX,26009,BANKNIFTY,BANKNIFTY 30 DEC 73000 PUT,OP,NA,35,12/30/2025,73000,PE,5,M,N,N,N,NA
NSE,D,52222,NA,OPTIDX,26009,BANKNIFTY,BANKNIFTY 30 DEC 74000 CALL,OP,NA,35,12/30/2025,74000,CE,5,M,N,N,N,NA
NSE,D,52227,NA,OPTIDX,26009,BANKNIFTY,BANKNIFTY 30 DEC 74000 PUT,OP,NA,35,12/30/2025,74000,PE,5,M,N,N,N,NA
NSE,D,52228,NA,OPTIDX,26009,BANKNIFTY,BANKNIFTY 30 DEC 74500 CALL,OP,NA,35,12/30/2025,74500,CE,5,M,N,N,N,NA
NSE,D,52229,NA,OPTIDX,26009,BANKNIFTY,BANKNIFTY 30 DEC 74500 PUT,OP,NA,35,12/30/2025,74500,PE,5,M,N,N,N,NA
NSE,D,52230,NA,OPTIDX,26009,BANKNIFTY,BANKNIFTY 30 DEC 75500 CALL,OP,NA,35,12/30/2025,75500,CE,5,M,N,N,N,NA
NSE,D,52237,NA,OPTIDX,26009,BANKNIFTY,BANKNIFTY 30 DEC 75500 PUT,OP,NA,35,12/30/2025,75500,PE,5,M,N,N,N,NA
NSE,D,52238,NA,OPTIDX,26009,BANKNIFTY,BANKNIFTY 30 DEC 76000 CALL,OP,NA,35,12/30/2025,76000,CE,5,M,N,N,N,NA
NSE,D,52239,NA,OPTIDX,26009,BANKNIFTY,BANKNIFTY 30 DEC 76000 PUT,OP,NA,35,12/30/2025,76000,PE,5,M,N,N,N,NA
NSE,D,52242,NA,OPTIDX,26009,BANKNIFTY,BANKNIFTY 30 DEC 77000 CALL,OP,NA,35,12/30/2025,77000,CE,5,M,N,N,N,NA
NSE,D,52243,NA,OPTIDX,26009,BANKNIFTY,BANKNIFTY 30 DEC 77000 PUT,OP,NA,35,12/30/2025,77000,PE,5,M,N,N,N,NA
NSE,D,60095,NA,OPTIDX,26009,BANKNIFTY,BANKNIFTY 30 DEC 34500 CALL,OP,NA,35,12/30/2025,34500,CE,5,M,N,N,N,NA
NSE,D,60096,NA,OPTIDX,26009,BANKNIFTY,BANKNIFTY 30 DEC 34500 PUT,OP,NA,35,12/30/2025,34500,PE,5,M,N,N,N,NA
NSE,D,60097,NA,OPTIDX,26009,BANKNIFTY,BANKNIFTY 30 DEC 36000 CALL,OP,NA,35,12/30/2025,36000,CE,5,M,N,N,N,NA
NSE,D,60098,NA,OPTIDX,26009,BANKNIFTY,BANKNIFTY 30 DEC 36000 PUT,OP,NA,35,12/30/2025,36000,PE,5,M,N,N,N,NA
NSE,D,60099,NA,OPTIDX,26009,BANKNIFTY,BANKNIFTY 30 DEC 37500 CALL,OP,NA,35,12/30/2025,37500,CE,5,M,N,N,N,NA
NSE,D,60100,NA,OPTIDX,26009,BANKNIFTY,BANKNIFTY 30 DEC 37500 PUT,OP,NA,35,12/30/2025,37500,PE,5,M,N,N,N,NA
NSE,D,60101,NA,OPTIDX,26009,BANKNIFTY,BANKNIFTY 30 DEC 39000 CALL,OP,NA,35,12/30/2025,39000,CE,5,M,N,N,N,NA
NSE,D,60102,NA,OPTIDX,26009,BANKNIFTY,BANKNIFTY 30 DEC 39000 PUT,OP,NA,35,12/30/2025,39000,PE,5,M,N,N,N,NA
NSE,D,60103,NA,OPTIDX,26009,BANKNIFTY,BANKNIFTY 30 DEC 40500 CALL,OP,NA,35,12/30/2025,40500,CE,5,M,N,N,N,NA
NSE,D,60104,NA,OPTIDX,26009,BANKNIFTY,BANKNIFTY 30 DEC 40500 PUT,OP,NA,35,12/30/2025,40500,PE,5,M,N,N,N,NA
NSE,D,60107,NA,OPTIDX,26009,BANKNIFTY,BANKNIFTY 30 DEC 42000 CALL,OP,NA,35,12/30/2025,42000,CE,5,M,N,N,N,NA
NSE,D,60108,NA,OPTIDX,26009,BANKNIFTY,BANKNIFTY 30 DEC 42000 PUT,OP,NA,35,12/30/2025,42000,PE,5,M,N,N,N,NA
NSE,D,60109,NA,OPTIDX,26009,BANKNIFTY,BANKNIFTY 30 DEC 43500 CALL,OP,NA,35,12/30/2025,43500,CE,5,M,N,N,N,NA
NSE,D,60110,NA,OPTIDX,26009,BANKNIFTY,BANKNIFTY 30 DEC 43500 PUT,OP,NA,35,12/30/2025,43500,PE,5,M,N,N,N,NA
NSE,D,60111,NA,OPTIDX,26009,BANKNIFTY,BANKNIFTY 30 DEC 45000 CALL,OP,NA,35,12/30/2025,45000,CE,5,M,N,N,N,NA
NSE,D,60112,NA,OPTIDX,26009,BANKNIFTY,BANKNIFTY 30 DEC 45000 PUT,OP,NA,35,12/30/2025,45000,PE,5,M,N,N,N,NA
NSE,D,60113,NA,OPTIDX,26009,BANKNIFTY,BANKNIFTY 30 DEC 46500 CALL,OP,NA,35,12/30/2025,46500,CE,5,M,N,N,N,NA
NSE,D,60114,NA,OPTIDX,26009,BANKNIFTY,BANKNIFTY 30 DEC 46500 PUT,OP,NA,35,12/30/2025,46500,PE,5,M,N,N,N,NA
NSE,D,60115,NA,OPTIDX,26009,BANKNIFTY,BANKNIFTY 30 DEC 48000 CALL,OP,NA,35,12/30/2025,48000,CE,5,M,N,N,N,NA
NSE,D,60118,NA,OPTIDX,26009,BANKNIFTY,BANKNIFTY 30 DEC 48000 PUT,OP,NA,35,12/30/2025,48000,PE,5,M,N,N,N,NA
NSE,D,60119,NA,OPTIDX,26009,BANKNIFTY,BANKNIFTY 30 DEC 49500 CALL,OP,NA,35,12/30/2025,49500,CE,5,M,N,N,N,NA
NSE,D,60122,NA,OPTIDX,26009,BANKNIFTY,BANKNIFTY 30 DEC 49500 PUT,OP,NA,35,12/30/2025,49500,PE,5,M,N,N,N,NA
NSE,D,60123,NA,OPTIDX,26009,BANKNIFTY,BANKNIFTY 30 DEC 51000 CALL,OP,NA,35,12/30/2025,51000,CE,5,M,N,N,N,NA
NSE,D,60126,NA,OPTIDX,26009,BANKNIFTY,BANKNIFTY 30 DEC 51000 PUT,OP,NA,35,12/30/2025,51000,PE,5,M,N,N,N,NA
NSE,D,60127,NA,OPTIDX,26009,BANKNIFTY,BANKNIFTY 30 DEC 52500 CALL,OP,NA,35,12/30/2025,52500,CE,5,M,N,N,N,NA
NSE,D,60130,NA,OPTIDX,26009,BANKNIFTY,BANKNIFTY 30 DEC 52500 PUT,OP,NA,35,12/30/2025,52500,PE,5,M,N,N,N,NA
NSE,D,60131,NA,OPTIDX,26009,BANKNIFTY,BANKNIFTY 30 DEC 54000 CALL,OP,NA,35,12/30/2025,54000,CE,5,M,N,N,N,NA
NSE,D,60141,NA,OPTIDX,26009,BANKNIFTY,BANKNIFTY 30 DEC 54000 PUT,OP,NA,35,12/30/2025,54000,PE,5,M,N,N,N,NA
NSE,D,60142,NA,OPTIDX,26009,BANKNIFTY,BANKNIFTY 30 DEC 55500 CALL,OP,NA,35,12/30/2025,55500,CE,5,M,N,N,N,NA
NSE,D,60147,NA,OPTIDX,26009,BANKNIFTY,BANKNIFTY 30 DEC 55500 PUT,OP,NA,35,12/30/2025,55500,PE,5,M,N,N,N,NA
NSE,D,60148,NA,OPTIDX,26009,BANKNIFTY,BANKNIFTY 30 DEC 57000 CALL,OP,NA,35,12/30/2025,57000,CE,5,M,N,N,N,NA
NSE,D,60163,NA,OPTIDX,26009,BANKNIFTY,BANKNIFTY 30 DEC 57000 PUT,OP,NA,35,12/30/2025,57000,PE,5,M,N,N,N,NA
NSE,D,60164,NA,OPTIDX,26009,BANKNIFTY,BANKNIFTY 30 DEC 58500 CALL,OP,NA,35,12/30/2025,58500,CE,5,M,N,N,N,NA
NSE,D,60165,NA,OPTIDX,26009,BANKNIFTY,BANKNIFTY 30 DEC 58500 PUT,OP,NA,35,12/30/2025,58500,PE,5,M,N,N,N,NA
NSE,D,60166,NA,OPTIDX,26009,BANKNIFTY,BANKNIFTY 30 DEC 60000 CALL,OP,NA,35,12/30/2025,60000,CE,5,M,N,N,N,NA
NSE,D,60167,NA,OPTIDX,26009,BANKNIFTY,BANKNIFTY 30 DEC 60000 PUT,OP,NA,35,12/30/2025,60000,PE,5,M,N,N,N,NA
NSE,D,60168,NA,OPTIDX,26009,BANKNIFTY,BANKNIFTY 30 DEC 61500 CALL,OP,NA,35,12/30/2025,61500,CE,5,M,N,N,N,NA
NSE,D,60169,NA,OPTIDX,26009,BANKNIFTY,BANKNIFTY 30 DEC 61500 PUT,OP,NA,35,12/30/2025,61500,PE,5,M,N,N,N,NA
NSE,D,60170,NA,OPTIDX,26009,BANKNIFTY,BANKNIFTY 30 DEC 63000 CALL,OP,NA,35,12/30/2025,63000,CE,5,M,N,N,N,NA
NSE,D,60179,NA,OPTIDX,26009,BANKNIFTY,BANKNIFTY 30 DEC 63000 PUT,OP,NA,35,12/30/2025,63000,PE,5,M,N,N,N,NA
NSE,D,60180,NA,OPTIDX,26009,BANKNIFTY,BANKNIFTY 30 DEC 64500 CALL,OP,NA,35,12/30/2025,64500,CE,5,M,N,N,N,NA
NSE,D,60181,NA,OPTIDX,26009,BANKNIFTY,BANKNIFTY 30 DEC 64500 PUT,OP,NA,35,12/30/2025,64500,PE,5,M,N,N,N,NA
NSE,D,60182,NA,OPTIDX,26009,BANKNIFTY,BANKNIFTY 30 DEC 66000 CALL,OP,NA,35,12/30/2025,66000,CE,5,M,N,N,N,NA
NSE,D,60183,NA,OPTIDX,26009,BANKNIFTY,BANKNIFTY 30 DEC 66000 PUT,OP,NA,35,12/30/2025,66000,PE,5,M,N,N,N,NA
NSE,D,60184,NA,OPTIDX,26009,BANKNIFTY,BANKNIFTY 30 DEC 67500 CALL,OP,NA,35,12/30/2025,67500,CE,5,M,N,N,N,NA
NSE,D,60193,NA,OPTIDX,26009,BANKNIFTY,BANKNIFTY 30 DEC 67500 PUT,OP,NA,35,12/30/2025,67500,PE,5,M,N,N,N,NA
NSE,D,60194,NA,OPTIDX,26009,BANKNIFTY,BANKNIFTY 30 DEC 69000 CALL,OP,NA,35,12/30/2025,69000,CE,5,M,N,N,N,NA
NSE,D,60197,NA,OPTIDX,26009,BANKNIFTY,BANKNIFTY 30 DEC 69000 PUT,OP,NA,35,12/30/2025,69000,PE,5,M,N,N,N,NA
NSE,D,60198,NA,OPTIDX,26009,BANKNIFTY,BANKNIFTY 30 DEC 70500 CALL,OP,NA,35,12/30/2025,70500,CE,5,M,N,N,N,NA
NSE,D,60199,NA,OPTIDX,26009,BANKNIFTY,BANKNIFTY 30 DEC 70500 PUT,OP,NA,35,12/30/2025,70500,PE,5,M,N,N,N,NA
NSE,D,60200,NA,OPTIDX,26009,BANKNIFTY,BANKNIFTY 30 DEC 72000 CALL,OP,NA,35,12/30/2025,72000,CE,5,M,N,N,N,NA
NSE,D,60214,NA,OPTIDX,26009,BANKNIFTY,BANKNIFTY 30 DEC 72000 PUT,OP,NA,35,12/30/2025,72000,PE,5,M,N,N,N,NA
NSE,D,60215,NA,OPTIDX,26009,BANKNIFTY,BANKNIFTY 30 DEC 73500 CALL,OP,NA,35,12/30/2025,73500,CE,5,M,N,N,N,NA
NSE,D,60216,NA,OPTIDX,26009,BANKNIFTY,BANKNIFTY 30 DEC 73500 PUT,OP,NA,35,12/30/2025,73500,PE,5,M,N,N,N,NA
